target,collocate,exp_local,obs_local,ratio_local,obs_global,p_value,log_likelihood,log_dice,adjusted_p_value
内阁,机务,0.41351178571638036,15,36.27466137153393,239,2.967257772668282e-10,80.20686212846275,9.846194663920965,9.079808784364944e-08
内阁,中书,0.24914517633120825,10,40.13724105461394,144,0.0,55.348033616169516,9.543850965352004,0.0
内阁,学士,0.48617912881298275,12,24.6822606912359,281,0.0,54.85447390373358,9.415037499278844,0.0
内阁,吏部,2.3409265526119776,20,8.543625590339108,1353,6.128896309940782e-11,51.810665852403005,8.635427567704145,3.125737118069799e-08
内阁,拟旨,0.08131821727476936,7,86.0815723043635,47,4.806310495587442e-10,49.77509245563012,9.389502407171706,1.2256091763747977e-07
内阁,六部,0.16090625971390532,7,43.503590304355754,93,1.9784576472773606e-10,39.81843426751027,9.207442079870475,7.567600500835904e-08
内阁,九卿,0.17993818290587263,7,38.90224902216428,104,1.1677709139447523e-09,38.23204141951488,9.167109985835257,2.552413569050673e-07
内阁,专用词,0.005190524506900172,3,577.9762711864406,3,5.126825478061249e-09,38.18775652407112,8.365793980258996,8.528835435884787e-07
内阁,参预,0.04671472056210155,5,107.03264281230383,27,1.4301016183969505e-09,37.88037462250885,8.991011216772744,2.735069345184168e-07
内阁,舍人,0.3737177644968124,8,21.406528562460764,216,5.574402245676331e-09,34.23900582382795,9.002820519062379,8.528835435884787e-07
内阁,官入,0.03287332187703442,4,121.67921498661909,19,3.33064537003879e-08,31.425081140822424,8.705379251108372,4.632624923781226e-06
内阁,刘健,0.09688979079546987,5,51.60502421307506,56,5.3561296141620495e-08,30.155279952142262,8.8666008745828,6.8290652580566135e-06
内阁,杨廷和,0.11592171398743717,5,43.13255755122692,67,1.3260298678038595e-07,28.32177160289463,8.822082207804158,1.5606351521076193e-05
内阁,六科,0.1436045113575714,5,34.81784766183378,83,3.89369495928597e-07,26.159452451169308,8.75968567066629,4.255252348362524e-05
内阁,专典,0.017301748356333906,3,173.39288135593222,10,6.094000846117438e-07,25.99446807023597,8.332297068270908,6.215880863039788e-05
内阁,一送,0.003460349671266781,2,577.9762711864407,2,2.9833749856353123e-06,25.451697866857064,7.7856808791992345,0.00019845929252269685
内阁,新君御,0.003460349671266781,2,577.9762711864407,2,2.9833749856353123e-06,25.451697866857064,7.7856808791992345,0.00019845929252269685
内阁,焦芳,0.06920699342533562,4,57.79762711864407,40,7.635992108904583e-07,25.047019244746703,8.611982714654864,6.872392898014125e-05
内阁,故事,0.7059113329384233,8,11.33286806247923,408,7.140054377572555e-07,24.569161648755994,8.542619120927466,6.827676998553755e-05
内阁,翰林,0.5086714016762168,7,13.76133979015335,294,9.915437999065124e-07,24.01246686189745,8.605231098227144,8.428122299205355e-05
内阁,不当,0.5155921010187504,7,13.57662381981572,298,1.0850694715170826e-06,23.83454967134201,8.5954666275116,8.737664691690192e-05
内阁,庶母,0.02422244769886747,3,123.85205811138015,14,1.8400167512100445e-06,23.677231965512753,8.313499472816781,0.0001340583633024461
内阁,大学士,1.3322346234377107,10,7.506185340083645,770,1.2398425343453109e-06,23.335959407073773,8.26529037977416,9.484795387741627e-05
内阁,刘吉,0.02941297220576764,3,101.99581256231306,17,3.4242348099407014e-06,22.391777948186004,8.29956028185891,0.0002095631703683709
内阁,仍供,0.005190524506900172,2,385.3175141242938,3,8.93987130635132e-06,21.636052753702096,7.780831479537839,0.00044122590641024255
内阁,逼逐,0.005190524506900172,2,385.3175141242938,3,8.93987130635132e-06,21.636052753702096,7.780831479537839,0.00044122590641024255
内阁,御史,4.91888705770573,18,3.659364362066807,2843,3.183965944924596e-06,21.2005635393803,7.554295364474215,0.00020297782898894297
内阁,马文升,0.11592171398743717,4,34.50604604098153,67,6.175729263646922e-06,20.842446847716054,8.500154112916794,0.00034995799160665895
内阁,李东阳,0.11592171398743717,4,34.50604604098153,67,6.175729263646922e-06,20.842446847716054,8.500154112916794,0.00034995799160665895
内阁,尹直,0.03979402121956798,3,75.38820928518793,23,8.848754866982833e-06,20.444554417029686,8.2720795454368,0.00044122590641024255
内阁,壅蔽,0.04325437089083477,3,69.35715254237287,25,1.1462889776494103e-05,19.916931269996446,8.263034405833793,0.0005480694174386243
内阁,刘敷,0.006920699342533562,2,288.98813559322036,4,1.7859261645519405e-05,19.913400235751272,7.775998325801895,0.0008036667740483732
内阁,违忤,0.006920699342533562,2,288.98813559322036,4,1.7859261645519405e-05,19.913400235751272,7.775998325801895,0.0008036667740483732
内阁,礼部,2.444737042749981,12,4.908503364640685,1413,8.509571154248177e-06,19.453690600632456,7.846870241100666,0.00044122590641024255
内阁,丝纶,0.008650874178166953,2,231.1905084745763,5,2.9731363588011414e-05,18.73190094712056,7.77118130950412,0.001229736970227752
内阁,不由,0.05709576957590189,3,52.543297380585514,33,2.6915075347639273e-05,18.18462784552487,8.227410496103072,0.001176573293768231
内阁,李裕,0.010381049013800344,2,192.6587570621469,6,4.454583625744414e-05,17.827287554880996,7.766380323240298,0.0016297562130580749
内阁,皇八妹,0.010381049013800344,2,192.6587570621469,6,4.454583625744414e-05,17.827287554880996,7.766380323240298,0.0016297562130580749
内阁,张悦,0.010381049013800344,2,192.6587570621469,6,4.454583625744414e-05,17.827287554880996,7.766380323240298,0.0016297562130580749
内阁,廷推,0.17647783323460584,4,22.66573612495846,102,3.264768277758703e-05,17.515085675199664,8.367004802857043,0.0013144988065712673
内阁,五府,0.06747681858970224,3,44.45971316818774,39,4.4738405848653035e-05,17.15841209658178,8.201258208247104,0.0016297562130580749
内阁,尚书,5.273572899010575,17,3.2236209350949774,3048,2.9738737188514262e-05,16.871550556083218,7.380535201632936,0.001229736970227752
内阁,房中,0.013841398685067124,2,144.49406779661018,8,8.296176648398453e-05,16.47497523545169,7.756826016527049,0.002820700060455474
内阁,右侍郎,1.266487979683642,8,6.316680559414652,732,4.884137516048575e-05,16.242135354803416,7.995779533681805,0.001737844278966121
内阁,中官,1.2820595532043424,8,6.239959742903543,741,5.316947005853797e-05,16.0759996793885,7.983191712313446,0.0018488474815809793
内阁,御道,0.015571573520700516,2,128.43917137476458,9,0.0001065434725879209,15.941065984044878,7.752072486556415,0.0035437285447721513
内阁,曹元,0.017301748356333906,2,115.59525423728815,10,0.00013302664269354477,15.47116913427616,7.747334567549752,0.004153689047369867
内阁,死党,0.017301748356333906,2,115.59525423728815,10,0.00013302664269354477,15.47116913427616,7.747334567549752,0.004153689047369867
内阁,刘珝,0.019031923191967295,2,105.08659476117104,11,0.00016240215719607305,15.051592775877284,7.742612157307348,0.004969506010199835
内阁,老成,0.09688979079546987,3,30.963014527845036,56,0.00013277654398889227,14.972704285233867,8.129635280416595,0.004153689047369867
内阁,诏举,0.02076209802760069,2,96.32937853107344,12,0.00019465999227390488,14.672628728697184,7.7379051546298205,0.005839799768217147
内阁,必由,0.02249227286323408,2,88.91942633637548,13,0.0002297894694868375,14.327139269861224,7.733213459305099,0.006617918746602787
内阁,梁储,0.02422244769886747,2,82.5680387409201,14,0.0002677810822763085,14.009721046630304,7.728536972095625,0.006617918746602787
内阁,侍班,0.02422244769886747,2,82.5680387409201,14,0.0002677810822763085,14.009721046630304,7.728536972095625,0.006617918746602787
内阁,彭韶,0.02422244769886747,2,82.5680387409201,14,0.0002677810822763085,14.009721046630304,7.728536972095625,0.006617918746602787
内阁,继春,0.02422244769886747,2,82.5680387409201,14,0.0002677810822763085,14.009721046630304,7.728536972095625,0.006617918746602787
内阁,腹心,0.11419153915180379,3,26.271648690292757,66,0.0002163998531441733,13.995993627904166,8.089107473833986,0.00636714952520356
内阁,贾继春,0.02595262253450086,2,77.06350282485876,15,0.00030862419619513394,13.716184080910603,7.7238755947257625,0.006617918746602787
内阁,帝令,0.12803293783687092,3,23.43147045350435,74,0.0003034347804124445,13.321788836848313,8.05748549466076,0.006617918746602787
内阁,刘宇,0.02941297220576764,2,67.99720837487537,17,0.0003988289681636236,13.188139493516417,7.714597781137751,0.006617918746602787
内阁,止用,0.02941297220576764,2,67.99720837487537,17,0.0003988289681636236,13.188139493516417,7.714597781137751,0.006617918746602787
内阁,六卿,0.02941297220576764,2,67.99720837487537,17,0.0003988289681636236,13.188139493516417,7.714597781137751,0.006617918746602787
内阁,揭帖,0.02941297220576764,2,67.99720837487537,17,0.0003988289681636236,13.188139493516417,7.714597781137751,0.006617918746602787
内阁,黄景,0.03114314704140103,2,64.21958568738229,18,0.00044816971915356086,12.948783185278574,7.709981153067382,0.006617918746602787
内阁,以本,0.03287332187703442,2,60.83960749330954,19,0.0005003227022707092,12.723340067195794,7.705379251108373,0.006617918746602787
内阁,大权,0.03287332187703442,2,60.83960749330954,19,0.0005003227022707092,12.723340067195794,7.705379251108373,0.006617918746602787
内阁,朝立,0.0017301748356333905,1,577.9762711864407,1,0.0017301748357131468,12.722453431361822,6.79054663437105,0.006617918746602787
内阁,案西序立,0.0017301748356333905,1,577.9762711864407,1,0.0017301748357131468,12.722453431361822,6.79054663437105,0.006617918746602787
内阁,序班二,0.0017301748356333905,1,577.9762711864407,1,0.0017301748357131468,12.722453431361822,6.79054663437105,0.006617918746602787
内阁,北立,0.0017301748356333905,1,577.9762711864407,1,0.0017301748357131468,12.722453431361822,6.79054663437105,0.006617918746602787
内阁,管将,0.0017301748356333905,1,577.9762711864407,1,0.0017301748357131468,12.722453431361822,6.79054663437105,0.006617918746602787
内阁,令常朝官,0.0017301748356333905,1,577.9762711864407,1,0.0017301748357131468,12.722453431361822,6.79054663437105,0.006617918746602787
内阁,官由东,0.0017301748356333905,1,577.9762711864407,1,0.0017301748357131468,12.722453431361822,6.79054663437105,0.006617918746602787
内阁,官由西,0.0017301748356333905,1,577.9762711864407,1,0.0017301748357131468,12.722453431361822,6.79054663437105,0.006617918746602787
内阁,外国人,0.0017301748356333905,1,577.9762711864407,1,0.0017301748357131468,12.722453431361822,6.79054663437105,0.006617918746602787
内阁,一人奉,0.0017301748356333905,1,577.9762711864407,1,0.0017301748357131468,12.722453431361822,6.79054663437105,0.006617918746602787
内阁,候领,0.0017301748356333905,1,577.9762711864407,1,0.0017301748357131468,12.722453431361822,6.79054663437105,0.006617918746602787
内阁,官辞,0.0017301748356333905,1,577.9762711864407,1,0.0017301748357131468,12.722453431361822,6.79054663437105,0.006617918746602787
内阁,官承旨,0.0017301748356333905,1,577.9762711864407,1,0.0017301748357131468,12.722453431361822,6.79054663437105,0.006617918746602787
内阁,一人知,0.0017301748356333905,1,577.9762711864407,1,0.0017301748357131468,12.722453431361822,6.79054663437105,0.006617918746602787
内阁,或知,0.0017301748356333905,1,577.9762711864407,1,0.0017301748357131468,12.722453431361822,6.79054663437105,0.006617918746602787
内阁,穿殿,0.0017301748356333905,1,577.9762711864407,1,0.0017301748357131468,12.722453431361822,6.79054663437105,0.006617918746602787
内阁,俱加,0.0017301748356333905,1,577.9762711864407,1,0.0017301748357131468,12.722453431361822,6.79054663437105,0.006617918746602787
内阁,官共,0.0017301748356333905,1,577.9762711864407,1,0.0017301748357131468,12.722453431361822,6.79054663437105,0.006617918746602787
内阁,官三,0.0017301748356333905,1,577.9762711864407,1,0.0017301748357131468,12.722453431361822,6.79054663437105,0.006617918746602787
内阁,官六,0.0017301748356333905,1,577.9762711864407,1,0.0017301748357131468,12.722453431361822,6.79054663437105,0.006617918746602787
内阁,侯服,0.0017301748356333905,1,577.9762711864407,1,0.0017301748357131468,12.722453431361822,6.79054663437105,0.006617918746602787
内阁,原子,0.0017301748356333905,1,577.9762711864407,1,0.0017301748357131468,12.722453431361822,6.79054663437105,0.006617918746602787
内阁,乞应,0.0017301748356333905,1,577.9762711864407,1,0.0017301748357131468,12.722453431361822,6.79054663437105,0.006617918746602787
内阁,或会,0.0017301748356333905,1,577.9762711864407,1,0.0017301748357131468,12.722453431361822,6.79054663437105,0.006617918746602787
内阁,或限,0.0017301748356333905,1,577.9762711864407,1,0.0017301748357131468,12.722453431361822,6.79054663437105,0.006617918746602787
内阁,采誉望,0.0017301748356333905,1,577.9762711864407,1,0.0017301748357131468,12.722453431361822,6.79054663437105,0.006617918746602787
内阁,中查,0.0017301748356333905,1,577.9762711864407,1,0.0017301748357131468,12.722453431361822,6.79054663437105,0.006617918746602787
内阁,同吏,0.0017301748356333905,1,577.9762711864407,1,0.0017301748357131468,12.722453431361822,6.79054663437105,0.006617918746602787
内阁,兵之长,0.0017301748356333905,1,577.9762711864407,1,0.0017301748357131468,12.722453431361822,6.79054663437105,0.006617918746602787
内阁,之拟票,0.0017301748356333905,1,577.9762711864407,1,0.0017301748357131468,12.722453431361822,6.79054663437105,0.006617918746602787
内阁,批红,0.0017301748356333905,1,577.9762711864407,1,0.0017301748357131468,12.722453431361822,6.79054663437105,0.006617918746602787
内阁,转归,0.0017301748356333905,1,577.9762711864407,1,0.0017301748357131468,12.722453431361822,6.79054663437105,0.006617918746602787
内阁,之寺,0.0017301748356333905,1,577.9762711864407,1,0.0017301748357131468,12.722453431361822,6.79054663437105,0.006617918746602787
内阁,授餐,0.0017301748356333905,1,577.9762711864407,1,0.0017301748357131468,12.722453431361822,6.79054663437105,0.006617918746602787
内阁,官必以,0.0017301748356333905,1,577.9762711864407,1,0.0017301748357131468,12.722453431361822,6.79054663437105,0.006617918746602787
内阁,王文始,0.0017301748356333905,1,577.9762711864407,1,0.0017301748357131468,12.722453431361822,6.79054663437105,0.006617918746602787
内阁,王文升,0.0017301748356333905,1,577.9762711864407,1,0.0017301748357131468,12.722453431361822,6.79054663437105,0.006617918746602787
内阁,其班位,0.0017301748356333905,1,577.9762711864407,1,0.0017301748357131468,12.722453431361822,6.79054663437105,0.006617918746602787
内阁,序次,0.0017301748356333905,1,577.9762711864407,1,0.0017301748357131468,12.722453431361822,6.79054663437105,0.006617918746602787
内阁,称枢辅,0.0017301748356333905,1,577.9762711864407,1,0.0017301748357131468,12.722453431361822,6.79054663437105,0.006617918746602787
内阁,具椅,0.0017301748356333905,1,577.9762711864407,1,0.0017301748357131468,12.722453431361822,6.79054663437105,0.006617918746602787
内阁,竟称,0.0017301748356333905,1,577.9762711864407,1,0.0017301748357131468,12.722453431361822,6.79054663437105,0.006617918746602787
内阁,凡题,0.0017301748356333905,1,577.9762711864407,1,0.0017301748357131468,12.722453431361822,6.79054663437105,0.006617918746602787
内阁,附科籍,0.0017301748356333905,1,577.9762711864407,1,0.0017301748357131468,12.722453431361822,6.79054663437105,0.006617918746602787
内阁,掌书办,0.0017301748356333905,1,577.9762711864407,1,0.0017301748357131468,12.722453431361822,6.79054663437105,0.006617918746602787
内阁,番译,0.0017301748356333905,1,577.9762711864407,1,0.0017301748357131468,12.722453431361822,6.79054663437105,0.006617918746602787
内阁,设中书,0.0017301748356333905,1,577.9762711864407,1,0.0017301748357131468,12.722453431361822,6.79054663437105,0.006617918746602787
内阁,悉委于,0.0017301748356333905,1,577.9762711864407,1,0.0017301748357131468,12.722453431361822,6.79054663437105,0.006617918746602787
内阁,陆炳缉司,0.0017301748356333905,1,577.9762711864407,1,0.0017301748357131468,12.722453431361822,6.79054663437105,0.006617918746602787
内阁,马广阴事,0.0017301748356333905,1,577.9762711864407,1,0.0017301748357131468,12.722453431361822,6.79054663437105,0.006617918746602787
内阁,以炳得,0.0017301748356333905,1,577.9762711864407,1,0.0017301748357131468,12.722453431361822,6.79054663437105,0.006617918746602787
内阁,嵩意,0.0017301748356333905,1,577.9762711864407,1,0.0017301748357131468,12.722453431361822,6.79054663437105,0.006617918746602787
内阁,残阙者,0.0017301748356333905,1,577.9762711864407,1,0.0017301748357131468,12.722453431361822,6.79054663437105,0.006617918746602787
内阁,管主事,0.0017301748356333905,1,577.9762711864407,1,0.0017301748357131468,12.722453431361822,6.79054663437105,0.006617918746602787
内阁,行略,0.0017301748356333905,1,577.9762711864407,1,0.0017301748357131468,12.722453431361822,6.79054663437105,0.006617918746602787
内阁,汪宗伊,0.0017301748356333905,1,577.9762711864407,1,0.0017301748357131468,12.722453431361822,6.79054663437105,0.006617918746602787
内阁,留铨志余,0.0017301748356333905,1,577.9762711864407,1,0.0017301748357131468,12.722453431361822,6.79054663437105,0.006617918746602787
内阁,中梁寅,0.0017301748356333905,1,577.9762711864407,1,0.0017301748357131468,12.722453431361822,6.79054663437105,0.006617918746602787
内阁,余冬序录,0.0017301748356333905,1,577.9762711864407,1,0.0017301748357131468,12.722453431361822,6.79054663437105,0.006617918746602787
内阁,六十五卷,0.0017301748356333905,1,577.9762711864407,1,0.0017301748357131468,12.722453431361822,6.79054663437105,0.006617918746602787
内阁,闲日,0.0017301748356333905,1,577.9762711864407,1,0.0017301748357131468,12.722453431361822,6.79054663437105,0.006617918746602787
内阁,王可大,0.0017301748356333905,1,577.9762711864407,1,0.0017301748357131468,12.722453431361822,6.79054663437105,0.006617918746602787
内阁,书载,0.0017301748356333905,1,577.9762711864407,1,0.0017301748357131468,12.722453431361822,6.79054663437105,0.006617918746602787
内阁,使怀恩,0.0017301748356333905,1,577.9762711864407,1,0.0017301748357131468,12.722453431361822,6.79054663437105,0.006617918746602787
内阁,其特用,0.0017301748356333905,1,577.9762711864407,1,0.0017301748357131468,12.722453431361822,6.79054663437105,0.006617918746602787
内阁,实寓,0.0017301748356333905,1,577.9762711864407,1,0.0017301748357131468,12.722453431361822,6.79054663437105,0.006617918746602787
内阁,易之义,0.0017301748356333905,1,577.9762711864407,1,0.0017301748357131468,12.722453431361822,6.79054663437105,0.006617918746602787
内阁,宣宗处,0.0017301748356333905,1,577.9762711864407,1,0.0017301748357131468,12.722453431361822,6.79054663437105,0.006617918746602787
内阁,帝之初,0.0017301748356333905,1,577.9762711864407,1,0.0017301748357131468,12.722453431361822,6.79054663437105,0.006617918746602787
内阁,臣七人,0.0017301748356333905,1,577.9762711864407,1,0.0017301748357131468,12.722453431361822,6.79054663437105,0.006617918746602787
内阁,等共典,0.0017301748356333905,1,577.9762711864407,1,0.0017301748357131468,12.722453431361822,6.79054663437105,0.006617918746602787
内阁,溥亦同,0.0017301748356333905,1,577.9762711864407,1,0.0017301748357131468,12.722453431361822,6.79054663437105,0.006617918746602787
内阁,为仁宗,0.0017301748356333905,1,577.9762711864407,1,0.0017301748357131468,12.722453431361822,6.79054663437105,0.006617918746602787
内阁,惟铭,0.0017301748356333905,1,577.9762711864407,1,0.0017301748357131468,12.722453431361822,6.79054663437105,0.006617918746602787
内阁,赵琬数,0.0017301748356333905,1,577.9762711864407,1,0.0017301748357131468,12.722453431361822,6.79054663437105,0.006617918746602787
内阁,吉修隙,0.0017301748356333905,1,577.9762711864407,1,0.0017301748357131468,12.722453431361822,6.79054663437105,0.006617918746602787
内阁,拟黜,0.0017301748356333905,1,577.9762711864407,1,0.0017301748357131468,12.722453431361822,6.79054663437105,0.006617918746602787
内阁,吉之党,0.0017301748356333905,1,577.9762711864407,1,0.0017301748357131468,12.722453431361822,6.79054663437105,0.006617918746602787
内阁,乃益固,0.0017301748356333905,1,577.9762711864407,1,0.0017301748357131468,12.722453431361822,6.79054663437105,0.006617918746602787
内阁,刘绵花,0.0017301748356333905,1,577.9762711864407,1,0.0017301748357131468,12.722453431361822,6.79054663437105,0.006617918746602787
内阁,其耐弹,0.0017301748356333905,1,577.9762711864407,1,0.0017301748357131468,12.722453431361822,6.79054663437105,0.006617918746602787
内阁,语廷臣,0.0017301748356333905,1,577.9762711864407,1,0.0017301748357131468,12.722453431361822,6.79054663437105,0.006617918746602787
内阁,议迎,0.0017301748356333905,1,577.9762711864407,1,0.0017301748357131468,12.722453431361822,6.79054663437105,0.006617918746602787
内阁,驾及,0.0017301748356333905,1,577.9762711864407,1,0.0017301748357131468,12.722453431361822,6.79054663437105,0.006617918746602787
内阁,南内事,0.0017301748356333905,1,577.9762711864407,1,0.0017301748357131468,12.722453431361822,6.79054663437105,0.006617918746602787
内阁,俾属,0.0017301748356333905,1,577.9762711864407,1,0.0017301748357131468,12.722453431361822,6.79054663437105,0.006617918746602787
内阁,言谦太专,0.0017301748356333905,1,577.9762711864407,1,0.0017301748357131468,12.722453431361822,6.79054663437105,0.006617918746602787
内阁,命有贞,0.0017301748356333905,1,577.9762711864407,1,0.0017301748357131468,12.722453431361822,6.79054663437105,0.006617918746602787
内阁,改荣,0.0017301748356333905,1,577.9762711864407,1,0.0017301748357131468,12.722453431361822,6.79054663437105,0.006617918746602787
内阁,越遇,0.0017301748356333905,1,577.9762711864407,1,0.0017301748357131468,12.722453431361822,6.79054663437105,0.006617918746602787
内阁,甚公,0.0017301748356333905,1,577.9762711864407,1,0.0017301748357131468,12.722453431361822,6.79054663437105,0.006617918746602787
内阁,正强,0.0017301748356333905,1,577.9762711864407,1,0.0017301748357131468,12.722453431361822,6.79054663437105,0.006617918746602787
内阁,今用尔,0.0017301748356333905,1,577.9762711864407,1,0.0017301748357131468,12.722453431361822,6.79054663437105,0.006617918746602787
内阁,勇事,0.0017301748356333905,1,577.9762711864407,1,0.0017301748357131468,12.722453431361822,6.79054663437105,0.006617918746602787
内阁,唾溅,0.0017301748356333905,1,577.9762711864407,1,0.0017301748357131468,12.722453431361822,6.79054663437105,0.006617918746602787
内阁,褒功,0.0017301748356333905,1,577.9762711864407,1,0.0017301748357131468,12.722453431361822,6.79054663437105,0.006617918746602787
内阁,拟封,0.0017301748356333905,1,577.9762711864407,1,0.0017301748357131468,12.722453431361822,6.79054663437105,0.006617918746602787
内阁,以聪好,0.0017301748356333905,1,577.9762711864407,1,0.0017301748357131468,12.722453431361822,6.79054663437105,0.006617918746602787
内阁,英造,0.0017301748356333905,1,577.9762711864407,1,0.0017301748357131468,12.722453431361822,6.79054663437105,0.006617918746602787
内阁,黄孔昭堪,0.0017301748356333905,1,577.9762711864407,1,0.0017301748357131468,12.722453431361822,6.79054663437105,0.006617918746602787
内阁,刘宣,0.0017301748356333905,1,577.9762711864407,1,0.0017301748357131468,12.722453431361822,6.79054663437105,0.006617918746602787
内阁,宋经,0.0017301748356333905,1,577.9762711864407,1,0.0017301748357131468,12.722453431361822,6.79054663437105,0.006617918746602787
内阁,萧显,0.0017301748356333905,1,577.9762711864407,1,0.0017301748357131468,12.722453431361822,6.79054663437105,0.006617918746602787
内阁,王纯及,0.0017301748356333905,1,577.9762711864407,1,0.0017301748357131468,12.722453431361822,6.79054663437105,0.006617918746602787
内阁,恒御,0.0017301748356333905,1,577.9762711864407,1,0.0017301748357131468,12.722453431361822,6.79054663437105,0.006617918746602787
内阁,商决章,0.0017301748356333905,1,577.9762711864407,1,0.0017301748357131468,12.722453431361822,6.79054663437105,0.006617918746602787
内阁,命尽,0.0017301748356333905,1,577.9762711864407,1,0.0017301748357131468,12.722453431361822,6.79054663437105,0.006617918746602787
内阁,要者,0.0017301748356333905,1,577.9762711864407,1,0.0017301748357131468,12.722453431361822,6.79054663437105,0.006617918746602787
内阁,附瑾入,0.0017301748356333905,1,577.9762711864407,1,0.0017301748357131468,12.722453431361822,6.79054663437105,0.006617918746602787
内阁,迁尝举,0.0017301748356333905,1,577.9762711864407,1,0.0017301748357131468,12.722453431361822,6.79054663437105,0.006617918746602787
内阁,主事迪,0.0017301748356333905,1,577.9762711864407,1,0.0017301748357131468,12.722453431361822,6.79054663437105,0.006617918746602787
内阁,俄瑾入,0.0017301748356333905,1,577.9762711864407,1,0.0017301748357131468,12.722453431361822,6.79054663437105,0.006617918746602787
内阁,恕贤且,0.0017301748356333905,1,577.9762711864407,1,0.0017301748357131468,12.722453431361822,6.79054663437105,0.006617918746602787
内阁,任剧职,0.0017301748356333905,1,577.9762711864407,1,0.0017301748357131468,12.722453431361822,6.79054663437105,0.006617918746602787
内阁,官恕,0.0017301748356333905,1,577.9762711864407,1,0.0017301748357131468,12.722453431361822,6.79054663437105,0.006617918746602787
内阁,七人诣,0.0017301748356333905,1,577.9762711864407,1,0.0017301748357131468,12.722453431361822,6.79054663437105,0.006617918746602787
内阁,知苗逵,0.0017301748356333905,1,577.9762711864407,1,0.0017301748357131468,12.722453431361822,6.79054663437105,0.006617918746602787
内阁,疑则询,0.0017301748356333905,1,577.9762711864407,1,0.0017301748357131468,12.722453431361822,6.79054663437105,0.006617918746602787
内阁,必洞晰,0.0017301748356333905,1,577.9762711864407,1,0.0017301748357131468,12.722453431361822,6.79054663437105,0.006617918746602787
内阁,官之贤否,0.0017301748356333905,1,577.9762711864407,1,0.0017301748357131468,12.722453431361822,6.79054663437105,0.006617918746602787
内阁,升黜,0.0017301748356333905,1,577.9762711864407,1,0.0017301748357131468,12.722453431361822,6.79054663437105,0.006617918746602787
内阁,堪用,0.0017301748356333905,1,577.9762711864407,1,0.0017301748357131468,12.722453431361822,6.79054663437105,0.006617918746602787
内阁,及清,0.0017301748356333905,1,577.9762711864407,1,0.0017301748357131468,12.722453431361822,6.79054663437105,0.006617918746602787
内阁,延访治道,0.0017301748356333905,1,577.9762711864407,1,0.0017301748357131468,12.722453431361822,6.79054663437105,0.006617918746602787
内阁,方持,0.0017301748356333905,1,577.9762711864407,1,0.0017301748357131468,12.722453431361822,6.79054663437105,0.006617918746602787
内阁,文疏,0.0017301748356333905,1,577.9762711864407,1,0.0017301748357131468,12.722453431361822,6.79054663437105,0.006617918746602787
内阁,政无,0.0017301748356333905,1,577.9762711864407,1,0.0017301748357131468,12.722453431361822,6.79054663437105,0.006617918746602787
内阁,权不假,0.0017301748356333905,1,577.9762711864407,1,0.0017301748357131468,12.722453431361822,6.79054663437105,0.006617918746602787
内阁,职至重,0.0017301748356333905,1,577.9762711864407,1,0.0017301748357131468,12.722453431361822,6.79054663437105,0.006617918746602787
内阁,之大患,0.0017301748356333905,1,577.9762711864407,1,0.0017301748357131468,12.722453431361822,6.79054663437105,0.006617918746602787
内阁,朱寿统,0.0017301748356333905,1,577.9762711864407,1,0.0017301748357131468,12.722453431361822,6.79054663437105,0.006617918746602787
内阁,中贵勋,0.0017301748356333905,1,577.9762711864407,1,0.0017301748357131468,12.722453431361822,6.79054663437105,0.006617918746602787
内阁,戚偕礼,0.0017301748356333905,1,577.9762711864407,1,0.0017301748357131468,12.722453431361822,6.79054663437105,0.006617918746602787
内阁,明命,0.0017301748356333905,1,577.9762711864407,1,0.0017301748357131468,12.722453431361822,6.79054663437105,0.006617918746602787
内阁,大孚,0.0017301748356333905,1,577.9762711864407,1,0.0017301748357131468,12.722453431361822,6.79054663437105,0.006617918746602787
内阁,澄抗,0.0017301748356333905,1,577.9762711864407,1,0.0017301748357131468,12.722453431361822,6.79054663437105,0.006617918746602787
内阁,合谏,0.0017301748356333905,1,577.9762711864407,1,0.0017301748357131468,12.722453431361822,6.79054663437105,0.006617918746602787
内阁,帝皆不允,0.0017301748356333905,1,577.9762711864407,1,0.0017301748357131468,12.722453431361822,6.79054663437105,0.006617918746602787
内阁,前此典,0.0017301748356333905,1,577.9762711864407,1,0.0017301748357131468,12.722453431361822,6.79054663437105,0.006617918746602787
内阁,命辑倡,0.0017301748356333905,1,577.9762711864407,1,0.0017301748357131468,12.722453431361822,6.79054663437105,0.006617918746602787
内阁,掌参,0.0017301748356333905,1,577.9762711864407,1,0.0017301748357131468,12.722453431361822,6.79054663437105,0.006617918746602787
内阁,首臣,0.0017301748356333905,1,577.9762711864407,1,0.0017301748357131468,12.722453431361822,6.79054663437105,0.006617918746602787
内阁,抑知臣,0.0017301748356333905,1,577.9762711864407,1,0.0017301748357131468,12.722453431361822,6.79054663437105,0.006617918746602787
内阁,采物望,0.0017301748356333905,1,577.9762711864407,1,0.0017301748357131468,12.722453431361822,6.79054663437105,0.006617918746602787
内阁,禀圣裁,0.0017301748356333905,1,577.9762711864407,1,0.0017301748357131468,12.722453431361822,6.79054663437105,0.006617918746602787
内阁,宏三入,0.0017301748356333905,1,577.9762711864407,1,0.0017301748357131468,12.722453431361822,6.79054663437105,0.006617918746602787
内阁,两朝殆,0.0017301748356333905,1,577.9762711864407,1,0.0017301748357131468,12.722453431361822,6.79054663437105,0.006617918746602787
内阁,独裁,0.0017301748356333905,1,577.9762711864407,1,0.0017301748357131468,12.722453431361822,6.79054663437105,0.006617918746602787
内阁,毋令久,0.0017301748356333905,1,577.9762711864407,1,0.0017301748357131468,12.722453431361822,6.79054663437105,0.006617918746602787
内阁,广树众,0.0017301748356333905,1,577.9762711864407,1,0.0017301748357131468,12.722453431361822,6.79054663437105,0.006617918746602787
内阁,徒答,0.0017301748356333905,1,577.9762711864407,1,0.0017301748357131468,12.722453431361822,6.79054663437105,0.006617918746602787
内阁,后萼,0.0017301748356333905,1,577.9762711864407,1,0.0017301748357131468,12.722453431361822,6.79054663437105,0.006617918746602787
内阁,积不相下,0.0017301748356333905,1,577.9762711864407,1,0.0017301748357131468,12.722453431361822,6.79054663437105,0.006617918746602787
内阁,所予,0.0017301748356333905,1,577.9762711864407,1,0.0017301748357131468,12.722453431361822,6.79054663437105,0.006617918746602787
内阁,庶不阴,0.0017301748356333905,1,577.9762711864407,1,0.0017301748357131468,12.722453431361822,6.79054663437105,0.006617918746602787
内阁,择师教,0.0017301748356333905,1,577.9762711864407,1,0.0017301748357131468,12.722453431361822,6.79054663437105,0.006617918746602787
内阁,迁未,0.0017301748356333905,1,577.9762711864407,1,0.0017301748357131468,12.722453431361822,6.79054663437105,0.006617918746602787
内阁,更建,0.0017301748356333905,1,577.9762711864407,1,0.0017301748357131468,12.722453431361822,6.79054663437105,0.006617918746602787
内阁,柱萼,0.0017301748356333905,1,577.9762711864407,1,0.0017301748357131468,12.722453431361822,6.79054663437105,0.006617918746602787
内阁,举贺入,0.0017301748356333905,1,577.9762711864407,1,0.0017301748357131468,12.722453431361822,6.79054663437105,0.006617918746602787
内阁,岳诣,0.0017301748356333905,1,577.9762711864407,1,0.0017301748357131468,12.722453431361822,6.79054663437105,0.006617918746602787
内阁,纪推,0.0017301748356333905,1,577.9762711864407,1,0.0017301748357131468,12.722453431361822,6.79054663437105,0.006617918746602787
内阁,况迩,0.0017301748356333905,1,577.9762711864407,1,0.0017301748357131468,12.722453431361822,6.79054663437105,0.006617918746602787
内阁,曹嘉论,0.0017301748356333905,1,577.9762711864407,1,0.0017301748357131468,12.722453431361822,6.79054663437105,0.006617918746602787
内阁,一鹏驳,0.0017301748356333905,1,577.9762711864407,1,0.0017301748357131468,12.722453431361822,6.79054663437105,0.006617918746602787
内阁,简解缙,0.0017301748356333905,1,577.9762711864407,1,0.0017301748357131468,12.722453431361822,6.79054663437105,0.006617918746602787
内阁,刻始,0.0017301748356333905,1,577.9762711864407,1,0.0017301748357131468,12.722453431361822,6.79054663437105,0.006617918746602787
内阁,因言汉忠谋,0.0017301748356333905,1,577.9762711864407,1,0.0017301748357131468,12.722453431361822,6.79054663437105,0.006617918746602787
内阁,宜令备,0.0017301748356333905,1,577.9762711864407,1,0.0017301748357131468,12.722453431361822,6.79054663437105,0.006617918746602787
内阁,列堪,0.0017301748356333905,1,577.9762711864407,1,0.0017301748357131468,12.722453431361822,6.79054663437105,0.006617918746602787
内阁,非止虑,0.0017301748356333905,1,577.9762711864407,1,0.0017301748357131468,12.722453431361822,6.79054663437105,0.006617918746602787
内阁,矫伪者,0.0017301748356333905,1,577.9762711864407,1,0.0017301748357131468,12.722453431361822,6.79054663437105,0.006617918746602787
内阁,之敷施,0.0017301748356333905,1,577.9762711864407,1,0.0017301748357131468,12.722453431361822,6.79054663437105,0.006617918746602787
内阁,详度,0.0017301748356333905,1,577.9762711864407,1,0.0017301748357131468,12.722453431361822,6.79054663437105,0.006617918746602787
内阁,其弗协于,0.0017301748356333905,1,577.9762711864407,1,0.0017301748357131468,12.722453431361822,6.79054663437105,0.006617918746602787
内阁,辈所选,0.0017301748356333905,1,577.9762711864407,1,0.0017301748357131468,12.722453431361822,6.79054663437105,0.006617918746602787
内阁,官吕应祥,0.0017301748356333905,1,577.9762711864407,1,0.0017301748357131468,12.722453431361822,6.79054663437105,0.006617918746602787
内阁,嵩入,0.0017301748356333905,1,577.9762711864407,1,0.0017301748357131468,12.722453431361822,6.79054663437105,0.006617918746602787
内阁,惩中官,0.0017301748356333905,1,577.9762711864407,1,0.0017301748357131468,12.722453431361822,6.79054663437105,0.006617918746602787
内阁,司礼权,0.0017301748356333905,1,577.9762711864407,1,0.0017301748357131468,12.722453431361822,6.79054663437105,0.006617918746602787
内阁,森持,0.0017301748356333905,1,577.9762711864407,1,0.0017301748357131468,12.722453431361822,6.79054663437105,0.006617918746602787
内阁,无司,0.0017301748356333905,1,577.9762711864407,1,0.0017301748357131468,12.722453431361822,6.79054663437105,0.006617918746602787
内阁,礼径,0.0017301748356333905,1,577.9762711864407,1,0.0017301748357131468,12.722453431361822,6.79054663437105,0.006617918746602787
内阁,三言,0.0017301748356333905,1,577.9762711864407,1,0.0017301748357131468,12.722453431361822,6.79054663437105,0.006617918746602787
内阁,宜参用,0.0017301748356333905,1,577.9762711864407,1,0.0017301748357131468,12.722453431361822,6.79054663437105,0.006617918746602787
内阁,嵩密阻,0.0017301748356333905,1,577.9762711864407,1,0.0017301748357131468,12.722453431361822,6.79054663437105,0.006617918746602787
内阁,及琦,0.0017301748356333905,1,577.9762711864407,1,0.0017301748357131468,12.722453431361822,6.79054663437105,0.006617918746602787
内阁,龙赠,0.0017301748356333905,1,577.9762711864407,1,0.0017301748357131468,12.722453431361822,6.79054663437105,0.006617918746602787
内阁,词送,0.0017301748356333905,1,577.9762711864407,1,0.0017301748357131468,12.722453431361822,6.79054663437105,0.006617918746602787
内阁,权积重,0.0017301748356333905,1,577.9762711864407,1,0.0017301748357131468,12.722453431361822,6.79054663437105,0.006617918746602787
内阁,徇阁,0.0017301748356333905,1,577.9762711864407,1,0.0017301748357131468,12.722453431361822,6.79054663437105,0.006617918746602787
内阁,中亦有,0.0017301748356333905,1,577.9762711864407,1,0.0017301748357131468,12.722453431361822,6.79054663437105,0.006617918746602787
内阁,已大非,0.0017301748356333905,1,577.9762711864407,1,0.0017301748357131468,12.722453431361822,6.79054663437105,0.006617918746602787
内阁,为赓,0.0017301748356333905,1,577.9762711864407,1,0.0017301748357131468,12.722453431361822,6.79054663437105,0.006617918746602787
内阁,设丝纶,0.0017301748356333905,1,577.9762711864407,1,0.0017301748357131468,12.722453431361822,6.79054663437105,0.006617918746602787
内阁,孟男姑,0.0017301748356333905,1,577.9762711864407,1,0.0017301748357131468,12.722453431361822,6.79054663437105,0.006617918746602787
内阁,时部权,0.0017301748356333905,1,577.9762711864407,1,0.0017301748357131468,12.722453431361822,6.79054663437105,0.006617918746602787
内阁,遭挫,0.0017301748356333905,1,577.9762711864407,1,0.0017301748357131468,12.722453431361822,6.79054663437105,0.006617918746602787
内阁,杨巍为,0.0017301748356333905,1,577.9762711864407,1,0.0017301748357131468,12.722453431361822,6.79054663437105,0.006617918746602787
内阁,得居位,0.0017301748356333905,1,577.9762711864407,1,0.0017301748357131468,12.722453431361822,6.79054663437105,0.006617918746602787
内阁,按考,0.0017301748356333905,1,577.9762711864407,1,0.0017301748357131468,12.722453431361822,6.79054663437105,0.006617918746602787
内阁,每具,0.0017301748356333905,1,577.9762711864407,1,0.0017301748357131468,12.722453431361822,6.79054663437105,0.006617918746602787
内阁,遇有章,0.0017301748356333905,1,577.9762711864407,1,0.0017301748357131468,12.722453431361822,6.79054663437105,0.006617918746602787
内阁,职之六卿,0.0017301748356333905,1,577.9762711864407,1,0.0017301748357131468,12.722453431361822,6.79054663437105,0.006617918746602787
内阁,潘晟入,0.0017301748356333905,1,577.9762711864407,1,0.0017301748357131468,12.722453431361822,6.79054663437105,0.006617918746602787
内阁,极明,0.0017301748356333905,1,577.9762711864407,1,0.0017301748357131468,12.722453431361822,6.79054663437105,0.006617918746602787
内阁,谨疾遣,0.0017301748356333905,1,577.9762711864407,1,0.0017301748357131468,12.722453431361822,6.79054663437105,0.006617918746602787
内阁,官之故,0.0017301748356333905,1,577.9762711864407,1,0.0017301748357131468,12.722453431361822,6.79054663437105,0.006617918746602787
内阁,抑丘,0.0017301748356333905,1,577.9762711864407,1,0.0017301748357131468,12.722453431361822,6.79054663437105,0.006617918746602787
内阁,及植,0.0017301748356333905,1,577.9762711864407,1,0.0017301748357131468,12.722453431361822,6.79054663437105,0.006617918746602787
内阁,东之凡,0.0017301748356333905,1,577.9762711864407,1,0.0017301748357131468,12.722453431361822,6.79054663437105,0.006617918746602787
内阁,周应宾,0.0017301748356333905,1,577.9762711864407,1,0.0017301748357131468,12.722453431361822,6.79054663437105,0.006617918746602787
内阁,欲究,0.0017301748356333905,1,577.9762711864407,1,0.0017301748357131468,12.722453431361822,6.79054663437105,0.006617918746602787
内阁,科用,0.0017301748356333905,1,577.9762711864407,1,0.0017301748357131468,12.722453431361822,6.79054663437105,0.006617918746602787
内阁,何宗彦及,0.0017301748356333905,1,577.9762711864407,1,0.0017301748357131468,12.722453431361822,6.79054663437105,0.006617918746602787
内阁,特用者,0.0017301748356333905,1,577.9762711864407,1,0.0017301748357131468,12.722453431361822,6.79054663437105,0.006617918746602787
内阁,宜重,0.0017301748356333905,1,577.9762711864407,1,0.0017301748357131468,12.722453431361822,6.79054663437105,0.006617918746602787
内阁,田大年,0.0017301748356333905,1,577.9762711864407,1,0.0017301748357131468,12.722453431361822,6.79054663437105,0.006617918746602787
内阁,贺盛瑞,0.0017301748356333905,1,577.9762711864407,1,0.0017301748357131468,12.722453431361822,6.79054663437105,0.006617918746602787
内阁,当雪,0.0017301748356333905,1,577.9762711864407,1,0.0017301748357131468,12.722453431361822,6.79054663437105,0.006617918746602787
内阁,广微入,0.0017301748356333905,1,577.9762711864407,1,0.0017301748357131468,12.722453431361822,6.79054663437105,0.006617918746602787
内阁,尝三至,0.0017301748356333905,1,577.9762711864407,1,0.0017301748357131468,12.722453431361822,6.79054663437105,0.006617918746602787
内阁,拒勿见,0.0017301748356333905,1,577.9762711864407,1,0.0017301748357131468,12.722453431361822,6.79054663437105,0.006617918746602787
内阁,首劝,0.0017301748356333905,1,577.9762711864407,1,0.0017301748357131468,12.722453431361822,6.79054663437105,0.006617918746602787
内阁,保一姬,0.0017301748356333905,1,577.9762711864407,1,0.0017301748357131468,12.722453431361822,6.79054663437105,0.006617918746602787
内阁,瑞谓,0.0017301748356333905,1,577.9762711864407,1,0.0017301748357131468,12.722453431361822,6.79054663437105,0.006617918746602787
内阁,春生,0.0017301748356333905,1,577.9762711864407,1,0.0017301748357131468,12.722453431361822,6.79054663437105,0.006617918746602787
内阁,伶仃,0.0017301748356333905,1,577.9762711864407,1,0.0017301748357131468,12.722453431361822,6.79054663437105,0.006617918746602787
内阁,经莫诉,0.0017301748356333905,1,577.9762711864407,1,0.0017301748357131468,12.722453431361822,6.79054663437105,0.006617918746602787
内阁,发臣,0.0017301748356333905,1,577.9762711864407,1,0.0017301748357131468,12.722453431361822,6.79054663437105,0.006617918746602787
内阁,即司,0.0017301748356333905,1,577.9762711864407,1,0.0017301748357131468,12.722453431361822,6.79054663437105,0.006617918746602787
内阁,开炀灶,0.0017301748356333905,1,577.9762711864407,1,0.0017301748357131468,12.722453431361822,6.79054663437105,0.006617918746602787
内阁,嗣昌解,0.0017301748356333905,1,577.9762711864407,1,0.0017301748357131468,12.722453431361822,6.79054663437105,0.006617918746602787
内阁,悍戾,0.0017301748356333905,1,577.9762711864407,1,0.0017301748357131468,12.722453431361822,6.79054663437105,0.006617918746602787
内阁,发辈,0.0017301748356333905,1,577.9762711864407,1,0.0017301748357131468,12.722453431361822,6.79054663437105,0.006617918746602787
内阁,周名,0.0017301748356333905,1,577.9762711864407,1,0.0017301748357131468,12.722453431361822,6.79054663437105,0.006617918746602787
内阁,宫衔,0.0017301748356333905,1,577.9762711864407,1,0.0017301748357131468,12.722453431361822,6.79054663437105,0.006617918746602787
内阁,不疑者,0.0017301748356333905,1,577.9762711864407,1,0.0017301748357131468,12.722453431361822,6.79054663437105,0.006617918746602787
内阁,非士,0.0017301748356333905,1,577.9762711864407,1,0.0017301748357131468,12.722453431361822,6.79054663437105,0.006617918746602787
内阁,英乎,0.0017301748356333905,1,577.9762711864407,1,0.0017301748357131468,12.722453431361822,6.79054663437105,0.006617918746602787
内阁,出司,0.0017301748356333905,1,577.9762711864407,1,0.0017301748357131468,12.722453431361822,6.79054663437105,0.006617918746602787
内阁,显操,0.0017301748356333905,1,577.9762711864407,1,0.0017301748357131468,12.722453431361822,6.79054663437105,0.006617918746602787
内阁,馆局,0.0017301748356333905,1,577.9762711864407,1,0.0017301748357131468,12.722453431361822,6.79054663437105,0.006617918746602787
内阁,概论,0.0017301748356333905,1,577.9762711864407,1,0.0017301748357131468,12.722453431361822,6.79054663437105,0.006617918746602787
内阁,关仓,0.0017301748356333905,1,577.9762711864407,1,0.0017301748357131468,12.722453431361822,6.79054663437105,0.006617918746602787
内阁,骤迁京,0.0017301748356333905,1,577.9762711864407,1,0.0017301748357131468,12.722453431361822,6.79054663437105,0.006617918746602787
内阁,方州县,0.0017301748356333905,1,577.9762711864407,1,0.0017301748357131468,12.722453431361822,6.79054663437105,0.006617918746602787
内阁,光疏,0.0017301748356333905,1,577.9762711864407,1,0.0017301748357131468,12.722453431361822,6.79054663437105,0.006617918746602787
内阁,中城守,0.0017301748356333905,1,577.9762711864407,1,0.0017301748357131468,12.722453431361822,6.79054663437105,0.006617918746602787
内阁,武自,0.0017301748356333905,1,577.9762711864407,1,0.0017301748357131468,12.722453431361822,6.79054663437105,0.006617918746602787
内阁,谕德卫胤文,0.0017301748356333905,1,577.9762711864407,1,0.0017301748357131468,12.722453431361822,6.79054663437105,0.006617918746602787
内阁,黄国琦,0.0017301748356333905,1,577.9762711864407,1,0.0017301748357131468,12.722453431361822,6.79054663437105,0.006617918746602787
内阁,施凤仪,0.0017301748356333905,1,577.9762711864407,1,0.0017301748357131468,12.722453431361822,6.79054663437105,0.006617918746602787
内阁,张正声,0.0017301748356333905,1,577.9762711864407,1,0.0017301748357131468,12.722453431361822,6.79054663437105,0.006617918746602787
内阁,明无,0.0017301748356333905,1,577.9762711864407,1,0.0017301748357131468,12.722453431361822,6.79054663437105,0.006617918746602787
内阁,王久,0.0017301748356333905,1,577.9762711864407,1,0.0017301748357131468,12.722453431361822,6.79054663437105,0.006617918746602787
内阁,以安之为,0.0017301748356333905,1,577.9762711864407,1,0.0017301748357131468,12.722453431361822,6.79054663437105,0.006617918746602787
内阁,中书方于,0.0017301748356333905,1,577.9762711864407,1,0.0017301748357131468,12.722453431361822,6.79054663437105,0.006617918746602787
内阁,宣劝,0.0017301748356333905,1,577.9762711864407,1,0.0017301748357131468,12.722453431361822,6.79054663437105,0.006617918746602787
内阁,改印,0.0017301748356333905,1,577.9762711864407,1,0.0017301748357131468,12.722453431361822,6.79054663437105,0.006617918746602787
内阁,拟改,0.0017301748356333905,1,577.9762711864407,1,0.0017301748357131468,12.722453431361822,6.79054663437105,0.006617918746602787
内阁,后明,0.0017301748356333905,1,577.9762711864407,1,0.0017301748357131468,12.722453431361822,6.79054663437105,0.006617918746602787
内阁,谄定,0.0017301748356333905,1,577.9762711864407,1,0.0017301748357131468,12.722453431361822,6.79054663437105,0.006617918746602787
内阁,国客,0.0017301748356333905,1,577.9762711864407,1,0.0017301748357131468,12.722453431361822,6.79054663437105,0.006617918746602787
内阁,说定,0.0017301748356333905,1,577.9762711864407,1,0.0017301748357131468,12.722453431361822,6.79054663437105,0.006617918746602787
内阁,国荐己,0.0017301748356333905,1,577.9762711864407,1,0.0017301748357131468,12.722453431361822,6.79054663437105,0.006617918746602787
内阁,定国客,0.0017301748356333905,1,577.9762711864407,1,0.0017301748357131468,12.722453431361822,6.79054663437105,0.006617918746602787
内阁,普宜留,0.0017301748356333905,1,577.9762711864407,1,0.0017301748357131468,12.722453431361822,6.79054663437105,0.006617918746602787
内阁,宜典铨,0.0017301748356333905,1,577.9762711864407,1,0.0017301748357131468,12.722453431361822,6.79054663437105,0.006617918746602787
内阁,宜秉宪,0.0017301748356333905,1,577.9762711864407,1,0.0017301748357131468,12.722453431361822,6.79054663437105,0.006617918746602787
内阁,毕懋良宜,0.0017301748356333905,1,577.9762711864407,1,0.0017301748357131468,12.722453431361822,6.79054663437105,0.006617918746602787
内阁,总版,0.0017301748356333905,1,577.9762711864407,1,0.0017301748357131468,12.722453431361822,6.79054663437105,0.006617918746602787
内阁,宜主戎政,0.0017301748356333905,1,577.9762711864407,1,0.0017301748357131468,12.722453431361822,6.79054663437105,0.006617918746602787
内阁,每铨,0.0017301748356333905,1,577.9762711864407,1,0.0017301748357131468,12.722453431361822,6.79054663437105,0.006617918746602787
内阁,复不应,0.0017301748356333905,1,577.9762711864407,1,0.0017301748357131468,12.722453431361822,6.79054663437105,0.006617918746602787
内阁,用为制,0.0017301748356333905,1,577.9762711864407,1,0.0017301748357131468,12.722453431361822,6.79054663437105,0.006617918746602787
内阁,有牍乎,0.0017301748356333905,1,577.9762711864407,1,0.0017301748357131468,12.722453431361822,6.79054663437105,0.006617918746602787
内阁,走白,0.0017301748356333905,1,577.9762711864407,1,0.0017301748357131468,12.722453431361822,6.79054663437105,0.006617918746602787
内阁,遇安,0.0017301748356333905,1,577.9762711864407,1,0.0017301748357131468,12.722453431361822,6.79054663437105,0.006617918746602787
内阁,方委政,0.0017301748356333905,1,577.9762711864407,1,0.0017301748357131468,12.722453431361822,6.79054663437105,0.006617918746602787
内阁,晏朝后,0.0017301748356333905,1,577.9762711864407,1,0.0017301748357131468,12.722453431361822,6.79054663437105,0.006617918746602787
内阁,永奏示,0.0017301748356333905,1,577.9762711864407,1,0.0017301748357131468,12.722453431361822,6.79054663437105,0.006617918746602787
内阁,降瑾,0.0017301748356333905,1,577.9762711864407,1,0.0017301748357131468,12.722453431361822,6.79054663437105,0.006617918746602787
内阁,永欲身,0.0017301748356333905,1,577.9762711864407,1,0.0017301748357131468,12.722453431361822,6.79054663437105,0.006617918746602787
内阁,风廷臣,0.0017301748356333905,1,577.9762711864407,1,0.0017301748357131468,12.722453431361822,6.79054663437105,0.006617918746602787
内阁,双白燕,0.0017301748356333905,1,577.9762711864407,1,0.0017301748357131468,12.722453431361822,6.79054663437105,0.006617918746602787
内阁,为晟下,0.0017301748356333905,1,577.9762711864407,1,0.0017301748357131468,12.722453431361822,6.79054663437105,0.006617918746602787
内阁,肆无忌,0.0017301748356333905,1,577.9762711864407,1,0.0017301748357131468,12.722453431361822,6.79054663437105,0.006617918746602787
内阁,仝治,0.0017301748356333905,1,577.9762711864407,1,0.0017301748357131468,12.722453431361822,6.79054663437105,0.006617918746602787
内阁,遍置,0.0017301748356333905,1,577.9762711864407,1,0.0017301748357131468,12.722453431361822,6.79054663437105,0.006617918746602787
内阁,臣首,0.0017301748356333905,1,577.9762711864407,1,0.0017301748357131468,12.722453431361822,6.79054663437105,0.006617918746602787
内阁,礼之权,0.0017301748356333905,1,577.9762711864407,1,0.0017301748357131468,12.722453431361822,6.79054663437105,0.006617918746602787
内阁,变置,0.0017301748356333905,1,577.9762711864407,1,0.0017301748357131468,12.722453431361822,6.79054663437105,0.006617918746602787
内阁,芳导,0.0017301748356333905,1,577.9762711864407,1,0.0017301748357131468,12.722453431361822,6.79054663437105,0.006617918746602787
内阁,大贵彩,0.0017301748356333905,1,577.9762711864407,1,0.0017301748357131468,12.722453431361822,6.79054663437105,0.006617918746602787
内阁,刘宇入,0.0017301748356333905,1,577.9762711864407,1,0.0017301748357131468,12.722453431361822,6.79054663437105,0.006617918746602787
内阁,以彩代,0.0017301748356333905,1,577.9762711864407,1,0.0017301748357131468,12.722453431361822,6.79054663437105,0.006617918746602787
内阁,通忠贤,0.0017301748356333905,1,577.9762711864407,1,0.0017301748357131468,12.722453431361822,6.79054663437105,0.006617918746602787
内阁,签其函,0.0017301748356333905,1,577.9762711864407,1,0.0017301748357131468,12.722453431361822,6.79054663437105,0.006617918746602787
内阁,家报,0.0017301748356333905,1,577.9762711864407,1,0.0017301748357131468,12.722453431361822,6.79054663437105,0.006617918746602787
内阁,外魏公,0.0017301748356333905,1,577.9762711864407,1,0.0017301748357131468,12.722453431361822,6.79054663437105,0.006617918746602787
内阁,惟出,0.0017301748356333905,1,577.9762711864407,1,0.0017301748357131468,12.722453431361822,6.79054663437105,0.006617918746602787
内阁,干济者,0.0017301748356333905,1,577.9762711864407,1,0.0017301748357131468,12.722453431361822,6.79054663437105,0.006617918746602787
内阁,伟非,0.0017301748356333905,1,577.9762711864407,1,0.0017301748357131468,12.722453431361822,6.79054663437105,0.006617918746602787
内阁,鸣泰代,0.0017301748356333905,1,577.9762711864407,1,0.0017301748357131468,12.722453431361822,6.79054663437105,0.006617918746602787
内阁,首导以,0.0017301748356333905,1,577.9762711864407,1,0.0017301748357131468,12.722453431361822,6.79054663437105,0.006617918746602787
内阁,内疑,0.0017301748356333905,1,577.9762711864407,1,0.0017301748357131468,12.722453431361822,6.79054663437105,0.006617918746602787
内阁,阴布,0.0017301748356333905,1,577.9762711864407,1,0.0017301748357131468,12.722453431361822,6.79054663437105,0.006617918746602787
内阁,令泰诣,0.0017301748356333905,1,577.9762711864407,1,0.0017301748357131468,12.722453431361822,6.79054663437105,0.006617918746602787
内阁,探意,0.0017301748356333905,1,577.9762711864407,1,0.0017301748357131468,12.722453431361822,6.79054663437105,0.006617918746602787
内阁,翰林学士,0.1470648610288382,3,20.399162512462613,85,0.00045588289914685366,12.511849700578905,8.015106892390207,0.006617918746602787
内阁,杨一清,0.1470648610288382,3,20.399162512462613,85,0.00045588289914685366,12.511849700578905,8.015106892390207,0.006617918746602787
内阁,高拱,0.1487950358644716,3,20.16196294836421,86,0.0004717581536123404,12.443842508540733,8.011315313227835,0.006617918746602787
内阁,主上,0.0363336715483012,2,55.0453591606134,21,0.0006130279243876328,12.30838690151734,7.696219251822897,0.006617918746602787
内阁,二部,0.16090625971390532,3,18.644395844723892,93,0.0005928641061360249,11.99028078822019,7.985049658534028,0.006617918746602787
内阁,宫僚,0.04152419605520138,2,48.16468926553672,24,0.0008029354294940489,11.759253070118389,7.682587386235131,0.006617918746602787
内阁,因荐,0.04152419605520138,2,48.16468926553672,24,0.0008029354294940489,11.759253070118389,7.682587386235131,0.006617918746602787
内阁,锦衣卫,0.37890828900371254,4,10.556644222583392,219,0.0006113071505665413,11.716937622514578,7.994375450806122,0.006617918746602787
内阁,一人,1.3754889943285455,7,5.08909924315105,795,0.000527213257384957,11.678967350866554,7.717242502393315,0.006617918746602787
内阁,上书,0.3840988135106127,4,10.413986868224157,222,0.0006431285560637156,11.617355332460285,7.985979529685065,0.006617918746602787
内阁,羽翼,0.04498454572646816,2,44.45971316818774,26,0.0009433269695605816,11.432413560626712,7.6735705128776965,0.006617918746602787
内阁,士奇,0.17820800807023923,3,16.83426032581866,103,0.0007977435813378824,11.402212169139842,7.948337880177507,0.006617918746602787
内阁,朱赓,0.04671472056210155,2,42.81305712492153,27,0.0010176304264222773,11.278890541501573,7.669083121885383,0.006617918746602787
内阁,批答,0.04671472056210155,2,42.81305712492153,27,0.0010176304264222773,11.278890541501573,7.669083121885383,0.006617918746602787
内阁,请托,0.04844489539773494,2,41.28401937046005,28,0.0010946577822761152,11.13129787115813,7.664609645306075,0.006617918746602787
内阁,部院,0.05190524506900172,2,38.53175141242938,30,0.0012568518005647625,10.852220997498465,7.655704092084183,0.006617918746602787
内阁,夏言,0.2007002809334733,3,14.947662185856224,116,0.001124533156778481,10.723663150142663,7.901967917039474,0.006617918746602787
内阁,商辂,0.05363541990463511,2,37.288791689447784,31,0.0013419977359625667,10.720003250591425,7.651271845768923,0.006617918746602787
内阁,票拟,0.05363541990463511,2,37.288791689447784,31,0.0013419977359625667,10.720003250591425,7.651271845768923,0.006617918746602787
内阁,官及,0.055365594740268496,2,36.123516949152545,32,0.0014298307237693645,10.592237392288418,7.646853174501917,0.006617918746602787
内阁,然是,0.055365594740268496,2,36.123516949152545,32,0.0014298307237693645,10.592237392288418,7.646853174501917,0.006617918746602787
内阁,政事,0.20762098027600687,3,14.449406779661018,120,0.001239681448224396,10.53134482125898,7.887994974486869,0.006617918746602787
内阁,祖宗,0.44984545726468156,4,8.89194263363755,260,0.0011541240471171024,10.472674011392412,7.883656038762532,0.006617918746602787
内阁,特赐,0.05709576957590189,2,35.02886492039034,33,0.0015203417691408557,10.468640395492757,7.642447995381916,0.006617918746602787
内阁,中枢,0.06401646891843546,2,31.241960604672467,37,0.0019089705992660737,10.011133754757383,7.6249605686530755,0.007265485116609683
内阁,钦差,0.003460349671266781,1,288.98813559322036,2,0.0034573662975587688,9.953316335846852,6.7856808791992345,0.0106502913418685
内阁,帝衣,0.003460349671266781,1,288.98813559322036,2,0.0034573662975587688,9.953316335846852,6.7856808791992345,0.0106502913418685
内阁,以春,0.003460349671266781,1,288.98813559322036,2,0.0034573662975587688,9.953316335846852,6.7856808791992345,0.0106502913418685
内阁,侍卫官,0.003460349671266781,1,288.98813559322036,2,0.0034573662975587688,9.953316335846852,6.7856808791992345,0.0106502913418685
内阁,领敕,0.003460349671266781,1,288.98813559322036,2,0.0034573662975587688,9.953316335846852,6.7856808791992345,0.0106502913418685
内阁,敕立,0.003460349671266781,1,288.98813559322036,2,0.0034573662975587688,9.953316335846852,6.7856808791992345,0.0106502913418685
内阁,等七人,0.003460349671266781,1,288.98813559322036,2,0.0034573662975587688,9.953316335846852,6.7856808791992345,0.0106502913418685
内阁,右厢,0.003460349671266781,1,288.98813559322036,2,0.0034573662975587688,9.953316335846852,6.7856808791992345,0.0106502913418685
内阁,现任,0.003460349671266781,1,288.98813559322036,2,0.0034573662975587688,9.953316335846852,6.7856808791992345,0.0106502913418685
内阁,庶事,0.003460349671266781,1,288.98813559322036,2,0.0034573662975587688,9.953316335846852,6.7856808791992345,0.0106502913418685
内阁,俱上,0.003460349671266781,1,288.98813559322036,2,0.0034573662975587688,9.953316335846852,6.7856808791992345,0.0106502913418685
内阁,选送,0.003460349671266781,1,288.98813559322036,2,0.0034573662975587688,9.953316335846852,6.7856808791992345,0.0106502913418685
内阁,自选,0.003460349671266781,1,288.98813559322036,2,0.0034573662975587688,9.953316335846852,6.7856808791992345,0.0106502913418685
内阁,译字,0.003460349671266781,1,288.98813559322036,2,0.0034573662975587688,9.953316335846852,6.7856808791992345,0.0106502913418685
内阁,权日重,0.003460349671266781,1,288.98813559322036,2,0.0034573662975587688,9.953316335846852,6.7856808791992345,0.0106502913418685
内阁,常侍,0.003460349671266781,1,288.98813559322036,2,0.0034573662975587688,9.953316335846852,6.7856808791992345,0.0106502913418685
内阁,勘合底,0.003460349671266781,1,288.98813559322036,2,0.0034573662975587688,9.953316335846852,6.7856808791992345,0.0106502913418685
内阁,诏册,0.003460349671266781,1,288.98813559322036,2,0.0034573662975587688,9.953316335846852,6.7856808791992345,0.0106502913418685
内阁,且辑,0.003460349671266781,1,288.98813559322036,2,0.0034573662975587688,9.953316335846852,6.7856808791992345,0.0106502913418685
内阁,中书程,0.003460349671266781,1,288.98813559322036,2,0.0034573662975587688,9.953316335846852,6.7856808791992345,0.0106502913418685
内阁,及司,0.003460349671266781,1,288.98813559322036,2,0.0034573662975587688,9.953316335846852,6.7856808791992345,0.0106502913418685
内阁,因日,0.003460349671266781,1,288.98813559322036,2,0.0034573662975587688,9.953316335846852,6.7856808791992345,0.0106502913418685
内阁,独见,0.003460349671266781,1,288.98813559322036,2,0.0034573662975587688,9.953316335846852,6.7856808791992345,0.0106502913418685
内阁,陈盟,0.003460349671266781,1,288.98813559322036,2,0.0034573662975587688,9.953316335846852,6.7856808791992345,0.0106502913418685
内阁,年表,0.003460349671266781,1,288.98813559322036,2,0.0034573662975587688,9.953316335846852,6.7856808791992345,0.0106502913418685
内阁,及往,0.003460349671266781,1,288.98813559322036,2,0.0034573662975587688,9.953316335846852,6.7856808791992345,0.0106502913418685
内阁,以训,0.003460349671266781,1,288.98813559322036,2,0.0034573662975587688,9.953316335846852,6.7856808791992345,0.0106502913418685
内阁,分义,0.003460349671266781,1,288.98813559322036,2,0.0034573662975587688,9.953316335846852,6.7856808791992345,0.0106502913418685
内阁,国宪家猷,0.003460349671266781,1,288.98813559322036,2,0.0034573662975587688,9.953316335846852,6.7856808791992345,0.0106502913418685
内阁,具道,0.003460349671266781,1,288.98813559322036,2,0.0034573662975587688,9.953316335846852,6.7856808791992345,0.0106502913418685
内阁,而华,0.003460349671266781,1,288.98813559322036,2,0.0034573662975587688,9.953316335846852,6.7856808791992345,0.0106502913418685
内阁,召溥,0.003460349671266781,1,288.98813559322036,2,0.0034573662975587688,9.953316335846852,6.7856808791992345,0.0106502913418685
内阁,而三人,0.003460349671266781,1,288.98813559322036,2,0.0034573662975587688,9.953316335846852,6.7856808791992345,0.0106502913418685
内阁,逮事,0.003460349671266781,1,288.98813559322036,2,0.0034573662975587688,9.953316335846852,6.7856808791992345,0.0106502913418685
内阁,阴刻,0.003460349671266781,1,288.98813559322036,2,0.0034573662975587688,9.953316335846852,6.7856808791992345,0.0106502913418685
内阁,必付,0.003460349671266781,1,288.98813559322036,2,0.0034573662975587688,9.953316335846852,6.7856808791992345,0.0106502913418685
内阁,循及,0.003460349671266781,1,288.98813559322036,2,0.0034573662975587688,9.953316335846852,6.7856808791992345,0.0106502913418685
内阁,高谷荐,0.003460349671266781,1,288.98813559322036,2,0.0034573662975587688,9.953316335846852,6.7856808791992345,0.0106502913418685
内阁,詹事迁,0.003460349671266781,1,288.98813559322036,2,0.0034573662975587688,9.953316335846852,6.7856808791992345,0.0106502913418685
内阁,宁率,0.003460349671266781,1,288.98813559322036,2,0.0034573662975587688,9.953316335846852,6.7856808791992345,0.0106502913418685
内阁,方坚,0.003460349671266781,1,288.98813559322036,2,0.0034573662975587688,9.953316335846852,6.7856808791992345,0.0106502913418685
内阁,制格,0.003460349671266781,1,288.98813559322036,2,0.0034573662975587688,9.953316335846852,6.7856808791992345,0.0106502913418685
内阁,尤乖,0.003460349671266781,1,288.98813559322036,2,0.0034573662975587688,9.953316335846852,6.7856808791992345,0.0106502913418685
内阁,事章,0.003460349671266781,1,288.98813559322036,2,0.0034573662975587688,9.953316335846852,6.7856808791992345,0.0106502913418685
内阁,徐镛,0.003460349671266781,1,288.98813559322036,2,0.0034573662975587688,9.953316335846852,6.7856808791992345,0.0106502913418685
内阁,追复,0.003460349671266781,1,288.98813559322036,2,0.0034573662975587688,9.953316335846852,6.7856808791992345,0.0106502913418685
内阁,溥性,0.003460349671266781,1,288.98813559322036,2,0.0034573662975587688,9.953316335846852,6.7856808791992345,0.0106502913418685
内阁,诏同,0.003460349671266781,1,288.98813559322036,2,0.0034573662975587688,9.953316335846852,6.7856808791992345,0.0106502913418685
内阁,亦憾,0.003460349671266781,1,288.98813559322036,2,0.0034573662975587688,9.953316335846852,6.7856808791992345,0.0106502913418685
内阁,与芳,0.003460349671266781,1,288.98813559322036,2,0.0034573662975587688,9.953316335846852,6.7856808791992345,0.0106502913418685
内阁,功乎,0.003460349671266781,1,288.98813559322036,2,0.0034573662975587688,9.953316335846852,6.7856808791992345,0.0106502913418685
内阁,矫诈,0.003460349671266781,1,288.98813559322036,2,0.0034573662975587688,9.953316335846852,6.7856808791992345,0.0106502913418685
内阁,各言,0.003460349671266781,1,288.98813559322036,2,0.0034573662975587688,9.953316335846852,6.7856808791992345,0.0106502913418685
内阁,疏极言,0.003460349671266781,1,288.98813559322036,2,0.0034573662975587688,9.953316335846852,6.7856808791992345,0.0106502913418685
内阁,咨谋,0.003460349671266781,1,288.98813559322036,2,0.0034573662975587688,9.953316335846852,6.7856808791992345,0.0106502913418685
内阁,事取,0.003460349671266781,1,288.98813559322036,2,0.0034573662975587688,9.953316335846852,6.7856808791992345,0.0106502913418685
内阁,私请,0.003460349671266781,1,288.98813559322036,2,0.0034573662975587688,9.953316335846852,6.7856808791992345,0.0106502913418685
内阁,礼非,0.003460349671266781,1,288.98813559322036,2,0.0034573662975587688,9.953316335846852,6.7856808791992345,0.0106502913418685
内阁,吉棠,0.003460349671266781,1,288.98813559322036,2,0.0034573662975587688,9.953316335846852,6.7856808791992345,0.0106502913418685
内阁,刘夔,0.003460349671266781,1,288.98813559322036,2,0.0034573662975587688,9.953316335846852,6.7856808791992345,0.0106502913418685
内阁,画地守,0.003460349671266781,1,288.98813559322036,2,0.0034573662975587688,9.953316335846852,6.7856808791992345,0.0106502913418685
内阁,帝欲用,0.003460349671266781,1,288.98813559322036,2,0.0034573662975587688,9.953316335846852,6.7856808791992345,0.0106502913418685
内阁,庇护,0.003460349671266781,1,288.98813559322036,2,0.0034573662975587688,9.953316335846852,6.7856808791992345,0.0106502913418685
内阁,非高,0.003460349671266781,1,288.98813559322036,2,0.0034573662975587688,9.953316335846852,6.7856808791992345,0.0106502913418685
内阁,攀龙家,0.003460349671266781,1,288.98813559322036,2,0.0034573662975587688,9.953316335846852,6.7856808791992345,0.0106502913418685
内阁,当预,0.003460349671266781,1,288.98813559322036,2,0.0034573662975587688,9.953316335846852,6.7856808791992345,0.0106502913418685
内阁,必成,0.003460349671266781,1,288.98813559322036,2,0.0034573662975587688,9.953316335846852,6.7856808791992345,0.0106502913418685
内阁,交为,0.003460349671266781,1,288.98813559322036,2,0.0034573662975587688,9.953316335846852,6.7856808791992345,0.0106502913418685
内阁,一旨,0.003460349671266781,1,288.98813559322036,2,0.0034573662975587688,9.953316335846852,6.7856808791992345,0.0106502913418685
内阁,即分,0.003460349671266781,1,288.98813559322036,2,0.0034573662975587688,9.953316335846852,6.7856808791992345,0.0106502913418685
内阁,一据,0.003460349671266781,1,288.98813559322036,2,0.0034573662975587688,9.953316335846852,6.7856808791992345,0.0106502913418685
内阁,言选侍,0.003460349671266781,1,288.98813559322036,2,0.0034573662975587688,9.953316335846852,6.7856808791992345,0.0106502913418685
内阁,玉体,0.003460349671266781,1,288.98813559322036,2,0.0034573662975587688,9.953316335846852,6.7856808791992345,0.0106502913418685
内阁,未寒,0.003460349671266781,1,288.98813559322036,2,0.0034573662975587688,9.953316335846852,6.7856808791992345,0.0106502913418685
内阁,薄待,0.003460349671266781,1,288.98813559322036,2,0.0034573662975587688,9.953316335846852,6.7856808791992345,0.0106502913418685
内阁,文送,0.003460349671266781,1,288.98813559322036,2,0.0034573662975587688,9.953316335846852,6.7856808791992345,0.0106502913418685
内阁,阴伺,0.003460349671266781,1,288.98813559322036,2,0.0034573662975587688,9.953316335846852,6.7856808791992345,0.0106502913418685
内阁,亟诣,0.003460349671266781,1,288.98813559322036,2,0.0034573662975587688,9.953316335846852,6.7856808791992345,0.0106502913418685
内阁,姜荃林,0.003460349671266781,1,288.98813559322036,2,0.0034573662975587688,9.953316335846852,6.7856808791992345,0.0106502913418685
内阁,称疾不出,0.003460349671266781,1,288.98813559322036,2,0.0034573662975587688,9.953316335846852,6.7856808791992345,0.0106502913418685
内阁,命嵩,0.003460349671266781,1,288.98813559322036,2,0.0034573662975587688,9.953316335846852,6.7856808791992345,0.0106502913418685
内阁,张芾,0.003460349671266781,1,288.98813559322036,2,0.0034573662975587688,9.953316335846852,6.7856808791992345,0.0106502913418685
内阁,去留,0.06574664375406884,2,30.41980374665477,38,0.0020127277621317997,9.90495101929749,7.620621632928738,0.007603638212497909
内阁,考满,0.06574664375406884,2,30.41980374665477,38,0.0020127277621317997,9.90495101929749,7.620621632928738,0.007603638212497909
内阁,召入,0.06574664375406884,2,30.41980374665477,38,0.0020127277621317997,9.90495101929749,7.620621632928738,0.007603638212497909
内阁,平台,0.06920699342533562,2,28.898813559322036,40,0.0022280943932940665,9.701208667274912,7.611982714654865,0.008396513354039216
内阁,是非,0.07093716826096902,2,28.193964448119058,41,0.002339686872709626,9.603356449650985,7.607682577221239,0.008773825772661097
内阁,外廷,0.07093716826096902,2,28.193964448119058,41,0.002339686872709626,9.603356449650985,7.607682577221239,0.008773825772661097
内阁,辅导,0.0726673430966024,2,27.5226795803067,42,0.002453871669535767,9.508006598892896,7.603395218818141,0.009179519937383187
内阁,文华,0.5155921010187504,4,7.7580707541804115,298,0.0018980276063411382,9.503489908644866,7.788111705453996,0.0072418509668377585
内阁,宰相,0.07612769276786918,2,26.27164869029276,44,0.0026899850433024074,9.324339785779946,7.594858536863656,0.010013812934921372
内阁,费宏,0.07612769276786918,2,26.27164869029276,44,0.0026899850433024074,9.324339785779946,7.594858536863656,0.010013812934921372
内阁,军官,0.08131821727476936,2,24.59473494410386,47,0.003063373558458208,9.064851448672945,7.582147485114102,0.0106502913418685
内阁,谢迁,0.08131821727476936,2,24.59473494410386,47,0.003063373558458208,9.064851448672945,7.582147485114102,0.0106502913418685
内阁,林釬,0.005190524506900172,1,192.6587570621469,3,0.0051815790997296095,8.910271695318434,6.780831479537839,0.013739715810374874
内阁,诸差,0.005190524506900172,1,192.6587570621469,3,0.0051815790997296095,8.910271695318434,6.780831479537839,0.013739715810374874
内阁,远臣,0.005190524506900172,1,192.6587570621469,3,0.0051815790997296095,8.910271695318434,6.780831479537839,0.013739715810374874
内阁,殿东,0.005190524506900172,1,192.6587570621469,3,0.0051815790997296095,8.910271695318434,6.780831479537839,0.013739715810374874
内阁,又合,0.005190524506900172,1,192.6587570621469,3,0.0051815790997296095,8.910271695318434,6.780831479537839,0.013739715810374874
内阁,对立,0.005190524506900172,1,192.6587570621469,3,0.0051815790997296095,8.910271695318434,6.780831479537839,0.013739715810374874
内阁,官侍,0.005190524506900172,1,192.6587570621469,3,0.0051815790997296095,8.910271695318434,6.780831479537839,0.013739715810374874
内阁,奏事官,0.005190524506900172,1,192.6587570621469,3,0.0051815790997296095,8.910271695318434,6.780831479537839,0.013739715810374874
内阁,局官,0.005190524506900172,1,192.6587570621469,3,0.0051815790997296095,8.910271695318434,6.780831479537839,0.013739715810374874
内阁,年岁,0.005190524506900172,1,192.6587570621469,3,0.0051815790997296095,8.910271695318434,6.780831479537839,0.013739715810374874
内阁,官一,0.005190524506900172,1,192.6587570621469,3,0.0051815790997296095,8.910271695318434,6.780831479537839,0.013739715810374874
内阁,概从,0.005190524506900172,1,192.6587570621469,3,0.0051815790997296095,8.910271695318434,6.780831479537839,0.013739715810374874
内阁,敢留,0.005190524506900172,1,192.6587570621469,3,0.0051815790997296095,8.910271695318434,6.780831479537839,0.013739715810374874
内阁,服之,0.005190524506900172,1,192.6587570621469,3,0.0051815790997296095,8.910271695318434,6.780831479537839,0.013739715810374874
内阁,任子,0.005190524506900172,1,192.6587570621469,3,0.0051815790997296095,8.910271695318434,6.780831479537839,0.013739715810374874
内阁,请广,0.005190524506900172,1,192.6587570621469,3,0.0051815790997296095,8.910271695318434,6.780831479537839,0.013739715810374874
内阁,同选,0.005190524506900172,1,192.6587570621469,3,0.0051815790997296095,8.910271695318434,6.780831479537839,0.013739715810374874
内阁,出题,0.005190524506900172,1,192.6587570621469,3,0.0051815790997296095,8.910271695318434,6.780831479537839,0.013739715810374874
内阁,调简,0.005190524506900172,1,192.6587570621469,3,0.0051815790997296095,8.910271695318434,6.780831479537839,0.013739715810374874
内阁,令原,0.005190524506900172,1,192.6587570621469,3,0.0051815790997296095,8.910271695318434,6.780831479537839,0.013739715810374874
内阁,荣等,0.005190524506900172,1,192.6587570621469,3,0.0051815790997296095,8.910271695318434,6.780831479537839,0.013739715810374874
内阁,原衔,0.005190524506900172,1,192.6587570621469,3,0.0051815790997296095,8.910271695318434,6.780831479537839,0.013739715810374874
内阁,具题,0.005190524506900172,1,192.6587570621469,3,0.0051815790997296095,8.910271695318434,6.780831479537839,0.013739715810374874
内阁,两房,0.005190524506900172,1,192.6587570621469,3,0.0051815790997296095,8.910271695318434,6.780831479537839,0.013739715810374874
内阁,二册,0.005190524506900172,1,192.6587570621469,3,0.0051815790997296095,8.910271695318434,6.780831479537839,0.013739715810374874
内阁,而司,0.005190524506900172,1,192.6587570621469,3,0.0051815790997296095,8.910271695318434,6.780831479537839,0.013739715810374874
内阁,沈廷扬,0.005190524506900172,1,192.6587570621469,3,0.0051815790997296095,8.910271695318434,6.780831479537839,0.013739715810374874
内阁,及宗,0.005190524506900172,1,192.6587570621469,3,0.0051815790997296095,8.910271695318434,6.780831479537839,0.013739715810374874
内阁,石文义,0.005190524506900172,1,192.6587570621469,3,0.0051815790997296095,8.910271695318434,6.780831479537839,0.013739715810374874
内阁,李继先,0.005190524506900172,1,192.6587570621469,3,0.0051815790997296095,8.910271695318434,6.780831479537839,0.013739715810374874
内阁,各拟,0.005190524506900172,1,192.6587570621469,3,0.0051815790997296095,8.910271695318434,6.780831479537839,0.013739715810374874
内阁,政归,0.005190524506900172,1,192.6587570621469,3,0.0051815790997296095,8.910271695318434,6.780831479537839,0.013739715810374874
内阁,令王,0.005190524506900172,1,192.6587570621469,3,0.0051815790997296095,8.910271695318434,6.780831479537839,0.013739715810374874
内阁,请事,0.005190524506900172,1,192.6587570621469,3,0.0051815790997296095,8.910271695318434,6.780831479537839,0.013739715810374874
内阁,帝尝御,0.005190524506900172,1,192.6587570621469,3,0.0051815790997296095,8.910271695318434,6.780831479537839,0.013739715810374874
内阁,此诚,0.005190524506900172,1,192.6587570621469,3,0.0051815790997296095,8.910271695318434,6.780831479537839,0.013739715810374874
内阁,为责,0.005190524506900172,1,192.6587570621469,3,0.0051815790997296095,8.910271695318434,6.780831479537839,0.013739715810374874
内阁,必下,0.005190524506900172,1,192.6587570621469,3,0.0051815790997296095,8.910271695318434,6.780831479537839,0.013739715810374874
内阁,张庆,0.005190524506900172,1,192.6587570621469,3,0.0051815790997296095,8.910271695318434,6.780831479537839,0.013739715810374874
内阁,中至,0.005190524506900172,1,192.6587570621469,3,0.0051815790997296095,8.910271695318434,6.780831479537839,0.013739715810374874
内阁,禁庭,0.005190524506900172,1,192.6587570621469,3,0.0051815790997296095,8.910271695318434,6.780831479537839,0.013739715810374874
内阁,覃包,0.005190524506900172,1,192.6587570621469,3,0.0051815790997296095,8.910271695318434,6.780831479537839,0.013739715810374874
内阁,失律者,0.005190524506900172,1,192.6587570621469,3,0.0051815790997296095,8.910271695318434,6.780831479537839,0.013739715810374874
内阁,由侍,0.005190524506900172,1,192.6587570621469,3,0.0051815790997296095,8.910271695318434,6.780831479537839,0.013739715810374874
内阁,帝乃谕,0.005190524506900172,1,192.6587570621469,3,0.0051815790997296095,8.910271695318434,6.780831479537839,0.013739715810374874
内阁,尔年,0.005190524506900172,1,192.6587570621469,3,0.0051815790997296095,8.910271695318434,6.780831479537839,0.013739715810374874
内阁,阮勤,0.005190524506900172,1,192.6587570621469,3,0.0051815790997296095,8.910271695318434,6.780831479537839,0.013739715810374874
内阁,吴宽,0.005190524506900172,1,192.6587570621469,3,0.0051815790997296095,8.910271695318434,6.780831479537839,0.013739715810374874
内阁,时敏,0.005190524506900172,1,192.6587570621469,3,0.0051815790997296095,8.910271695318434,6.780831479537839,0.013739715810374874
内阁,七言,0.005190524506900172,1,192.6587570621469,3,0.0051815790997296095,8.910271695318434,6.780831479537839,0.013739715810374874
内阁,请趣,0.005190524506900172,1,192.6587570621469,3,0.0051815790997296095,8.910271695318434,6.780831479537839,0.013739715810374874
内阁,改教,0.005190524506900172,1,192.6587570621469,3,0.0051815790997296095,8.910271695318434,6.780831479537839,0.013739715810374874
内阁,蟠结,0.005190524506900172,1,192.6587570621469,3,0.0051815790997296095,8.910271695318434,6.780831479537839,0.013739715810374874
内阁,必先白,0.005190524506900172,1,192.6587570621469,3,0.0051815790997296095,8.910271695318434,6.780831479537839,0.013739715810374874
内阁,宜日,0.005190524506900172,1,192.6587570621469,3,0.0051815790997296095,8.910271695318434,6.780831479537839,0.013739715810374874
内阁,喻安性,0.005190524506900172,1,192.6587570621469,3,0.0051815790997296095,8.910271695318434,6.780831479537839,0.013739715810374874
内阁,谭希思,0.005190524506900172,1,192.6587570621469,3,0.0051815790997296095,8.910271695318434,6.780831479537839,0.013739715810374874
内阁,铁牌,0.005190524506900172,1,192.6587570621469,3,0.0051815790997296095,8.910271695318434,6.780831479537839,0.013739715810374874
内阁,资品,0.005190524506900172,1,192.6587570621469,3,0.0051815790997296095,8.910271695318434,6.780831479537839,0.013739715810374874
内阁,尽信,0.005190524506900172,1,192.6587570621469,3,0.0051815790997296095,8.910271695318434,6.780831479537839,0.013739715810374874
内阁,衷甲,0.005190524506900172,1,192.6587570621469,3,0.0051815790997296095,8.910271695318434,6.780831479537839,0.013739715810374874
内阁,忠贤得,0.005190524506900172,1,192.6587570621469,3,0.0051815790997296095,8.910271695318434,6.780831479537839,0.013739715810374874
内阁,行否,0.005190524506900172,1,192.6587570621469,3,0.0051815790997296095,8.910271695318434,6.780831479537839,0.013739715810374874
内阁,尽握,0.005190524506900172,1,192.6587570621469,3,0.0051815790997296095,8.910271695318434,6.780831479537839,0.013739715810374874
内阁,沈先生,0.005190524506900172,1,192.6587570621469,3,0.0051815790997296095,8.910271695318434,6.780831479537839,0.013739715810374874
内阁,宣谕,0.08477856694603614,2,23.590868211691458,49,0.0033250045731285393,8.901468907209201,7.573735245297902,0.0106502913418685
内阁,方从哲,0.08650874178166953,2,23.119050847457626,50,0.0034596044424239506,8.822420911501478,7.569547448334468,0.0106502913418685
内阁,司礼,0.08823891661730292,2,22.66573612495846,51,0.003596715026391231,8.745039950238263,7.565371772363275,0.011028003988734636
内阁,七人,0.08823891661730292,2,22.66573612495846,51,0.003596715026391231,8.745039950238263,7.565371772363275,0.011028003988734636
内阁,勋戚,0.0916992662885697,2,21.810425327790217,53,0.003878432856178549,8.595018767523941,7.557056504151272,0.011844315908090179
内阁,公论,0.0916992662885697,2,21.810425327790217,53,0.003878432856178549,8.595018767523941,7.557056504151272,0.011844315908090179
内阁,而是,0.09515961595983648,2,21.01731895223421,55,0.004170085765437351,8.450921400707527,7.548788888167671,0.012684356304411823
内阁,得失,0.09688979079546987,2,20.642009685230025,56,0.004319616385816374,8.380957573520375,7.544672779695439,0.013087154594651589
内阁,王恕,0.09688979079546987,2,20.642009685230025,56,0.004319616385816374,8.380957573520375,7.544672779695439,0.013087154594651589
内阁,方面,0.09861996563110327,2,20.279869164436512,57,0.004471603204778485,8.312316736705752,7.540568381362703,0.013467623825415515
内阁,复入,0.09861996563110327,2,20.279869164436512,57,0.004471603204778485,8.312316736705752,7.540568381362703,0.013467623825415515
内阁,讹谬,0.006920699342533562,1,144.49406779661018,4,0.006902819589514844,8.234127215338965,6.775998325801895,0.016925182647368125
内阁,务本,0.006920699342533562,1,144.49406779661018,4,0.006902819589514844,8.234127215338965,6.775998325801895,0.016925182647368125
内阁,诸犯,0.006920699342533562,1,144.49406779661018,4,0.006902819589514844,8.234127215338965,6.775998325801895,0.016925182647368125
内阁,独否,0.006920699342533562,1,144.49406779661018,4,0.006902819589514844,8.234127215338965,6.775998325801895,0.016925182647368125
内阁,八叠,0.006920699342533562,1,144.49406779661018,4,0.006902819589514844,8.234127215338965,6.775998325801895,0.016925182647368125
内阁,之助,0.006920699342533562,1,144.49406779661018,4,0.006902819589514844,8.234127215338965,6.775998325801895,0.016925182647368125
内阁,案东,0.006920699342533562,1,144.49406779661018,4,0.006902819589514844,8.234127215338965,6.775998325801895,0.016925182647368125
内阁,循习,0.006920699342533562,1,144.49406779661018,4,0.006902819589514844,8.234127215338965,6.775998325801895,0.016925182647368125
内阁,所藏,0.006920699342533562,1,144.49406779661018,4,0.006902819589514844,8.234127215338965,6.775998325801895,0.016925182647368125
内阁,图注,0.006920699342533562,1,144.49406779661018,4,0.006902819589514844,8.234127215338965,6.775998325801895,0.016925182647368125
内阁,本公,0.006920699342533562,1,144.49406779661018,4,0.006902819589514844,8.234127215338965,6.775998325801895,0.016925182647368125
内阁,或别,0.006920699342533562,1,144.49406779661018,4,0.006902819589514844,8.234127215338965,6.775998325801895,0.016925182647368125
内阁,犹疑,0.006920699342533562,1,144.49406779661018,4,0.006902819589514844,8.234127215338965,6.775998325801895,0.016925182647368125
内阁,尽移,0.006920699342533562,1,144.49406779661018,4,0.006902819589514844,8.234127215338965,6.775998325801895,0.016925182647368125
内阁,虽居,0.006920699342533562,1,144.49406779661018,4,0.006902819589514844,8.234127215338965,6.775998325801895,0.016925182647368125
内阁,弗能,0.006920699342533562,1,144.49406779661018,4,0.006902819589514844,8.234127215338965,6.775998325801895,0.016925182647368125
内阁,日令,0.006920699342533562,1,144.49406779661018,4,0.006902819589514844,8.234127215338965,6.775998325801895,0.016925182647368125
内阁,捕营,0.006920699342533562,1,144.49406779661018,4,0.006902819589514844,8.234127215338965,6.775998325801895,0.016925182647368125
内阁,黄仲昭,0.006920699342533562,1,144.49406779661018,4,0.006902819589514844,8.234127215338965,6.775998325801895,0.016925182647368125
内阁,固如,0.006920699342533562,1,144.49406779661018,4,0.006902819589514844,8.234127215338965,6.775998325801895,0.016925182647368125
内阁,反汗,0.006920699342533562,1,144.49406779661018,4,0.006902819589514844,8.234127215338965,6.775998325801895,0.016925182647368125
内阁,耆硕,0.006920699342533562,1,144.49406779661018,4,0.006902819589514844,8.234127215338965,6.775998325801895,0.016925182647368125
内阁,俞纲,0.006920699342533562,1,144.49406779661018,4,0.006902819589514844,8.234127215338965,6.775998325801895,0.016925182647368125
内阁,实臣,0.006920699342533562,1,144.49406779661018,4,0.006902819589514844,8.234127215338965,6.775998325801895,0.016925182647368125
内阁,五十余年,0.006920699342533562,1,144.49406779661018,4,0.006902819589514844,8.234127215338965,6.775998325801895,0.016925182647368125
内阁,置弗问,0.006920699342533562,1,144.49406779661018,4,0.006902819589514844,8.234127215338965,6.775998325801895,0.016925182647368125
内阁,杜铭,0.006920699342533562,1,144.49406779661018,4,0.006902819589514844,8.234127215338965,6.775998325801895,0.016925182647368125
内阁,托以,0.006920699342533562,1,144.49406779661018,4,0.006902819589514844,8.234127215338965,6.775998325801895,0.016925182647368125
内阁,恃势,0.006920699342533562,1,144.49406779661018,4,0.006902819589514844,8.234127215338965,6.775998325801895,0.016925182647368125
内阁,献媚,0.006920699342533562,1,144.49406779661018,4,0.006902819589514844,8.234127215338965,6.775998325801895,0.016925182647368125
内阁,知势,0.006920699342533562,1,144.49406779661018,4,0.006902819589514844,8.234127215338965,6.775998325801895,0.016925182647368125
内阁,以琼,0.006920699342533562,1,144.49406779661018,4,0.006902819589514844,8.234127215338965,6.775998325801895,0.016925182647368125
内阁,为瑾,0.006920699342533562,1,144.49406779661018,4,0.006902819589514844,8.234127215338965,6.775998325801895,0.016925182647368125
内阁,推知,0.006920699342533562,1,144.49406779661018,4,0.006902819589514844,8.234127215338965,6.775998325801895,0.016925182647368125
内阁,明纶,0.006920699342533562,1,144.49406779661018,4,0.006902819589514844,8.234127215338965,6.775998325801895,0.016925182647368125
内阁,王之桢,0.006920699342533562,1,144.49406779661018,4,0.006902819589514844,8.234127215338965,6.775998325801895,0.016925182647368125
内阁,生授,0.006920699342533562,1,144.49406779661018,4,0.006902819589514844,8.234127215338965,6.775998325801895,0.016925182647368125
内阁,文自,0.006920699342533562,1,144.49406779661018,4,0.006902819589514844,8.234127215338965,6.775998325801895,0.016925182647368125
内阁,掌印,0.10208031530237005,2,19.592415972421716,59,0.004782912473607981,8.178819081842905,7.532394449917002,0.013739715810374874
内阁,而后,0.31835216975654385,3,9.42352616064849,184,0.00415677767307542,8.159822939819232,7.681080654984976,0.012669063425907156
内阁,讲读,0.10381049013800343,2,19.26587570621469,60,0.004942217228949878,8.113875734262727,7.528324785607956,0.013739715810374874
内阁,翰林院,0.32527286909907743,3,9.223025604038947,188,0.004412961734108668,8.043461048363787,7.669083121885383,0.013343540421316724
内阁,阁臣,0.3304633936059776,3,9.078161327535717,191,0.0046112430068946195,7.9580080442081105,7.660149997115375,0.013739715810374874
内阁,国子生,0.11073118948053699,2,18.061758474576273,64,0.005603564176251169,7.865227446971207,7.512159966176949,0.014832963995958976
内阁,科道,0.11246136431617039,2,17.7838852672751,65,0.0057748894791267635,7.80566995935351,7.508146903670325,0.015207540280660839
内阁,光祖,0.11246136431617039,2,17.7838852672751,65,0.0057748894791267635,7.80566995935351,7.508146903670325,0.015207540280660839
内阁,命入,0.008650874178166953,1,115.59525423728815,5,0.00862109167379729,7.732235824463108,6.77118130950412,0.019469386742317296
内阁,以败,0.008650874178166953,1,115.59525423728815,5,0.00862109167379729,7.732235824463108,6.77118130950412,0.019469386742317296
内阁,靳贵,0.008650874178166953,1,115.59525423728815,5,0.00862109167379729,7.732235824463108,6.77118130950412,0.019469386742317296
内阁,赵府,0.008650874178166953,1,115.59525423728815,5,0.00862109167379729,7.732235824463108,6.77118130950412,0.019469386742317296
内阁,盖因,0.008650874178166953,1,115.59525423728815,5,0.00862109167379729,7.732235824463108,6.77118130950412,0.019469386742317296
内阁,非可,0.008650874178166953,1,115.59525423728815,5,0.00862109167379729,7.732235824463108,6.77118130950412,0.019469386742317296
内阁,命内官,0.008650874178166953,1,115.59525423728815,5,0.00862109167379729,7.732235824463108,6.77118130950412,0.019469386742317296
内阁,定位,0.008650874178166953,1,115.59525423728815,5,0.00862109167379729,7.732235824463108,6.77118130950412,0.019469386742317296
内阁,东向立,0.008650874178166953,1,115.59525423728815,5,0.00862109167379729,7.732235824463108,6.77118130950412,0.019469386742317296
内阁,侍班官,0.008650874178166953,1,115.59525423728815,5,0.00862109167379729,7.732235824463108,6.77118130950412,0.019469386742317296
内阁,相权,0.008650874178166953,1,115.59525423728815,5,0.00862109167379729,7.732235824463108,6.77118130950412,0.019469386742317296
内阁,尚宾,0.008650874178166953,1,115.59525423728815,5,0.00862109167379729,7.732235824463108,6.77118130950412,0.019469386742317296
内阁,隐蔽,0.008650874178166953,1,115.59525423728815,5,0.00862109167379729,7.732235824463108,6.77118130950412,0.019469386742317296
内阁,自设,0.008650874178166953,1,115.59525423728815,5,0.00862109167379729,7.732235824463108,6.77118130950412,0.019469386742317296
内阁,修补,0.008650874178166953,1,115.59525423728815,5,0.00862109167379729,7.732235824463108,6.77118130950412,0.019469386742317296
内阁,建议者,0.008650874178166953,1,115.59525423728815,5,0.00862109167379729,7.732235824463108,6.77118130950412,0.019469386742317296
内阁,五十卷,0.008650874178166953,1,115.59525423728815,5,0.00862109167379729,7.732235824463108,6.77118130950412,0.019469386742317296
内阁,列卿,0.008650874178166953,1,115.59525423728815,5,0.00862109167379729,7.732235824463108,6.77118130950412,0.019469386742317296
内阁,为书,0.008650874178166953,1,115.59525423728815,5,0.00862109167379729,7.732235824463108,6.77118130950412,0.019469386742317296
内阁,加称,0.008650874178166953,1,115.59525423728815,5,0.00862109167379729,7.732235824463108,6.77118130950412,0.019469386742317296
内阁,旨行,0.008650874178166953,1,115.59525423728815,5,0.00862109167379729,7.732235824463108,6.77118130950412,0.019469386742317296
内阁,传者,0.008650874178166953,1,115.59525423728815,5,0.00862109167379729,7.732235824463108,6.77118130950412,0.019469386742317296
内阁,献捷,0.008650874178166953,1,115.59525423728815,5,0.00862109167379729,7.732235824463108,6.77118130950412,0.019469386742317296
内阁,代言,0.008650874178166953,1,115.59525423728815,5,0.00862109167379729,7.732235824463108,6.77118130950412,0.019469386742317296
内阁,简入,0.008650874178166953,1,115.59525423728815,5,0.00862109167379729,7.732235824463108,6.77118130950412,0.019469386742317296
内阁,评议,0.008650874178166953,1,115.59525423728815,5,0.00862109167379729,7.732235824463108,6.77118130950412,0.019469386742317296
内阁,寻进礼,0.008650874178166953,1,115.59525423728815,5,0.00862109167379729,7.732235824463108,6.77118130950412,0.019469386742317296
内阁,并予,0.008650874178166953,1,115.59525423728815,5,0.00862109167379729,7.732235824463108,6.77118130950412,0.019469386742317296
内阁,尽易,0.008650874178166953,1,115.59525423728815,5,0.00862109167379729,7.732235824463108,6.77118130950412,0.019469386742317296
内阁,微劳,0.008650874178166953,1,115.59525423728815,5,0.00862109167379729,7.732235824463108,6.77118130950412,0.019469386742317296
内阁,实主,0.008650874178166953,1,115.59525423728815,5,0.00862109167379729,7.732235824463108,6.77118130950412,0.019469386742317296
内阁,无拘,0.008650874178166953,1,115.59525423728815,5,0.00862109167379729,7.732235824463108,6.77118130950412,0.019469386742317296
内阁,阻于,0.008650874178166953,1,115.59525423728815,5,0.00862109167379729,7.732235824463108,6.77118130950412,0.019469386742317296
内阁,杨玉,0.008650874178166953,1,115.59525423728815,5,0.00862109167379729,7.732235824463108,6.77118130950412,0.019469386742317296
内阁,托言,0.008650874178166953,1,115.59525423728815,5,0.00862109167379729,7.732235824463108,6.77118130950412,0.019469386742317296
内阁,论道,0.008650874178166953,1,115.59525423728815,5,0.00862109167379729,7.732235824463108,6.77118130950412,0.019469386742317296
内阁,反前,0.008650874178166953,1,115.59525423728815,5,0.00862109167379729,7.732235824463108,6.77118130950412,0.019469386742317296
内阁,示之,0.008650874178166953,1,115.59525423728815,5,0.00862109167379729,7.732235824463108,6.77118130950412,0.019469386742317296
内阁,公举,0.008650874178166953,1,115.59525423728815,5,0.00862109167379729,7.732235824463108,6.77118130950412,0.019469386742317296
内阁,内批,0.008650874178166953,1,115.59525423728815,5,0.00862109167379729,7.732235824463108,6.77118130950412,0.019469386742317296
内阁,事乃止,0.008650874178166953,1,115.59525423728815,5,0.00862109167379729,7.732235824463108,6.77118130950412,0.019469386742317296
内阁,温语,0.008650874178166953,1,115.59525423728815,5,0.00862109167379729,7.732235824463108,6.77118130950412,0.019469386742317296
内阁,尽属,0.008650874178166953,1,115.59525423728815,5,0.00862109167379729,7.732235824463108,6.77118130950412,0.019469386742317296
内阁,士柔,0.008650874178166953,1,115.59525423728815,5,0.00862109167379729,7.732235824463108,6.77118130950412,0.019469386742317296
内阁,外僚,0.008650874178166953,1,115.59525423728815,5,0.00862109167379729,7.732235824463108,6.77118130950412,0.019469386742317296
内阁,之名,0.11592171398743717,2,17.253023020490765,67,0.0061246642417603515,7.68945596710638,7.500154112916794,0.016100921460297832
内阁,居正,0.6782285355682891,4,5.897717052922864,392,0.005034588699659618,7.618954013210527,7.5758337111819,0.013739715810374874
内阁,行事,0.11938206365870395,2,16.752935396708427,69,0.00648388074293065,7.576917682466279,7.492205359801304,0.016925182647368125
内阁,疏言,0.35814619097611183,3,8.376467698354213,207,0.005759379188322436,7.5265702925736475,7.613418946770384,0.015207540280660839
内阁,日讲,0.12111223849433735,2,16.513607748184018,70,0.0066670084185104905,7.521959585531052,7.488247346232621,0.016925182647368125
内阁,叶向高,0.12111223849433735,2,16.513607748184018,70,0.0066670084185104905,7.521959585531052,7.488247346232621,0.016925182647368125
内阁,文臣,0.12457258816560413,2,16.054896421845573,72,0.007040258750316032,7.4145408778533985,7.480363747156787,0.017234553420773648
内阁,汪直,0.12630276300123752,2,15.834966333875085,73,0.007230364727323823,7.362033572079774,7.476438043942987,0.017615379033129694
内阁,申时行,0.12630276300123752,2,15.834966333875085,73,0.007230364727323823,7.362033572079774,7.476438043942987,0.017615379033129694
内阁,一卷,0.12630276300123752,2,15.834966333875085,73,0.007230364727323823,7.362033572079774,7.476438043942987,0.017615379033129694
内阁,马愉,0.010381049013800344,1,96.32937853107344,6,0.010336400685406057,7.332977261208111,6.766380323240298,0.021964851456487872
内阁,刘永诚,0.010381049013800344,1,96.32937853107344,6,0.010336400685406057,7.332977261208111,6.766380323240298,0.021964851456487872
内阁,言帝,0.010381049013800344,1,96.32937853107344,6,0.010336400685406057,7.332977261208111,6.766380323240298,0.021964851456487872
内阁,九华,0.010381049013800344,1,96.32937853107344,6,0.010336400685406057,7.332977261208111,6.766380323240298,0.021964851456487872
内阁,前殿,0.010381049013800344,1,96.32937853107344,6,0.010336400685406057,7.332977261208111,6.766380323240298,0.021964851456487872
内阁,西向立,0.010381049013800344,1,96.32937853107344,6,0.010336400685406057,7.332977261208111,6.766380323240298,0.021964851456487872
内阁,陛升,0.010381049013800344,1,96.32937853107344,6,0.010336400685406057,7.332977261208111,6.766380323240298,0.021964851456487872
内阁,拱以,0.010381049013800344,1,96.32937853107344,6,0.010336400685406057,7.332977261208111,6.766380323240298,0.021964851456487872
内阁,漏下,0.010381049013800344,1,96.32937853107344,6,0.010336400685406057,7.332977261208111,6.766380323240298,0.021964851456487872
内阁,法祖,0.010381049013800344,1,96.32937853107344,6,0.010336400685406057,7.332977261208111,6.766380323240298,0.021964851456487872
内阁,北人,0.010381049013800344,1,96.32937853107344,6,0.010336400685406057,7.332977261208111,6.766380323240298,0.021964851456487872
内阁,意旨,0.010381049013800344,1,96.32937853107344,6,0.010336400685406057,7.332977261208111,6.766380323240298,0.021964851456487872
内阁,犹称,0.010381049013800344,1,96.32937853107344,6,0.010336400685406057,7.332977261208111,6.766380323240298,0.021964851456487872
内阁,问状,0.010381049013800344,1,96.32937853107344,6,0.010336400685406057,7.332977261208111,6.766380323240298,0.021964851456487872
内阁,事无大小,0.010381049013800344,1,96.32937853107344,6,0.010336400685406057,7.332977261208111,6.766380323240298,0.021964851456487872
内阁,黄汝良,0.010381049013800344,1,96.32937853107344,6,0.010336400685406057,7.332977261208111,6.766380323240298,0.021964851456487872
内阁,御侮,0.010381049013800344,1,96.32937853107344,6,0.010336400685406057,7.332977261208111,6.766380323240298,0.021964851456487872
内阁,不败,0.010381049013800344,1,96.32937853107344,6,0.010336400685406057,7.332977261208111,6.766380323240298,0.021964851456487872
内阁,懿旨,0.010381049013800344,1,96.32937853107344,6,0.010336400685406057,7.332977261208111,6.766380323240298,0.021964851456487872
内阁,因谕,0.010381049013800344,1,96.32937853107344,6,0.010336400685406057,7.332977261208111,6.766380323240298,0.021964851456487872
内阁,其居,0.010381049013800344,1,96.32937853107344,6,0.010336400685406057,7.332977261208111,6.766380323240298,0.021964851456487872
内阁,未亡人,0.010381049013800344,1,96.32937853107344,6,0.010336400685406057,7.332977261208111,6.766380323240298,0.021964851456487872
内阁,幼冲,0.010381049013800344,1,96.32937853107344,6,0.010336400685406057,7.332977261208111,6.766380323240298,0.021964851456487872
内阁,私语,0.010381049013800344,1,96.32937853107344,6,0.010336400685406057,7.332977261208111,6.766380323240298,0.021964851456487872
内阁,义理,0.010381049013800344,1,96.32937853107344,6,0.010336400685406057,7.332977261208111,6.766380323240298,0.021964851456487872
内阁,严行,0.010381049013800344,1,96.32937853107344,6,0.010336400685406057,7.332977261208111,6.766380323240298,0.021964851456487872
内阁,四朝,0.010381049013800344,1,96.32937853107344,6,0.010336400685406057,7.332977261208111,6.766380323240298,0.021964851456487872
内阁,部权,0.010381049013800344,1,96.32937853107344,6,0.010336400685406057,7.332977261208111,6.766380323240298,0.021964851456487872
内阁,帝亦为,0.010381049013800344,1,96.32937853107344,6,0.010336400685406057,7.332977261208111,6.766380323240298,0.021964851456487872
内阁,以阁,0.010381049013800344,1,96.32937853107344,6,0.010336400685406057,7.332977261208111,6.766380323240298,0.021964851456487872
内阁,依附,0.010381049013800344,1,96.32937853107344,6,0.010336400685406057,7.332977261208111,6.766380323240298,0.021964851456487872
内阁,部务,0.010381049013800344,1,96.32937853107344,6,0.010336400685406057,7.332977261208111,6.766380323240298,0.021964851456487872
内阁,篡位,0.010381049013800344,1,96.32937853107344,6,0.010336400685406057,7.332977261208111,6.766380323240298,0.021964851456487872
内阁,专守,0.010381049013800344,1,96.32937853107344,6,0.010336400685406057,7.332977261208111,6.766380323240298,0.021964851456487872
内阁,黄应,0.010381049013800344,1,96.32937853107344,6,0.010336400685406057,7.332977261208111,6.766380323240298,0.021964851456487872
内阁,其座,0.010381049013800344,1,96.32937853107344,6,0.010336400685406057,7.332977261208111,6.766380323240298,0.021964851456487872
内阁,交构,0.010381049013800344,1,96.32937853107344,6,0.010336400685406057,7.332977261208111,6.766380323240298,0.021964851456487872
内阁,高言,0.010381049013800344,1,96.32937853107344,6,0.010336400685406057,7.332977261208111,6.766380323240298,0.021964851456487872
内阁,赞化,0.010381049013800344,1,96.32937853107344,6,0.010336400685406057,7.332977261208111,6.766380323240298,0.021964851456487872
内阁,王锡爵,0.12803293783687092,2,15.620980302336234,74,0.0074227785409833776,7.310298114807966,7.472522993939604,0.01805540726185146
内阁,不用,0.37544793933244575,3,7.990455362024526,217,0.006556196066394281,7.275799882314439,7.584962500721156,0.016925182647368125
内阁,奸党,0.1297631126725043,2,15.412700564971752,75,0.007617494553692114,7.259313499055509,7.468618539483688,0.018499629630395132
内阁,章下,0.13322346234377108,2,15.01237068016729,77,0.008013792079439176,7.159516949555835,7.460841188891969,0.019431223267102917
内阁,讲官,0.13841398685067124,2,14.449406779661018,80,0.00862528117797552,7.014974596138751,7.449253214616757,0.019469386742317296
内阁,弘文阁,0.012111223849433734,1,82.5680387409201,7,0.012048751716807927,7.001535039604526,6.7615952606749214,0.02457945350228817
内阁,彭华,0.012111223849433734,1,82.5680387409201,7,0.012048751716807927,7.001535039604526,6.7615952606749214,0.02457945350228817
内阁,一定,0.012111223849433734,1,82.5680387409201,7,0.012048751716807927,7.001535039604526,6.7615952606749214,0.02457945350228817
内阁,本意,0.012111223849433734,1,82.5680387409201,7,0.012048751716807927,7.001535039604526,6.7615952606749214,0.02457945350228817
内阁,贺钦,0.012111223849433734,1,82.5680387409201,7,0.012048751716807927,7.001535039604526,6.7615952606749214,0.02457945350228817
内阁,多取,0.012111223849433734,1,82.5680387409201,7,0.012048751716807927,7.001535039604526,6.7615952606749214,0.02457945350228817
内阁,升迁,0.012111223849433734,1,82.5680387409201,7,0.012048751716807927,7.001535039604526,6.7615952606749214,0.02457945350228817
内阁,部曹,0.012111223849433734,1,82.5680387409201,7,0.012048751716807927,7.001535039604526,6.7615952606749214,0.02457945350228817
内阁,见闻,0.012111223849433734,1,82.5680387409201,7,0.012048751716807927,7.001535039604526,6.7615952606749214,0.02457945350228817
内阁,守训,0.012111223849433734,1,82.5680387409201,7,0.012048751716807927,7.001535039604526,6.7615952606749214,0.02457945350228817
内阁,以语,0.012111223849433734,1,82.5680387409201,7,0.012048751716807927,7.001535039604526,6.7615952606749214,0.02457945350228817
内阁,俞山,0.012111223849433734,1,82.5680387409201,7,0.012048751716807927,7.001535039604526,6.7615952606749214,0.02457945350228817
内阁,藏书,0.012111223849433734,1,82.5680387409201,7,0.012048751716807927,7.001535039604526,6.7615952606749214,0.02457945350228817
内阁,诗集,0.012111223849433734,1,82.5680387409201,7,0.012048751716807927,7.001535039604526,6.7615952606749214,0.02457945350228817
内阁,王徽,0.012111223849433734,1,82.5680387409201,7,0.012048751716807927,7.001535039604526,6.7615952606749214,0.02457945350228817
内阁,凝重,0.012111223849433734,1,82.5680387409201,7,0.012048751716807927,7.001535039604526,6.7615952606749214,0.02457945350228817
内阁,任贤,0.012111223849433734,1,82.5680387409201,7,0.012048751716807927,7.001535039604526,6.7615952606749214,0.02457945350228817
内阁,付诸,0.012111223849433734,1,82.5680387409201,7,0.012048751716807927,7.001535039604526,6.7615952606749214,0.02457945350228817
内阁,抗声,0.012111223849433734,1,82.5680387409201,7,0.012048751716807927,7.001535039604526,6.7615952606749214,0.02457945350228817
内阁,帝信,0.012111223849433734,1,82.5680387409201,7,0.012048751716807927,7.001535039604526,6.7615952606749214,0.02457945350228817
内阁,旷职,0.012111223849433734,1,82.5680387409201,7,0.012048751716807927,7.001535039604526,6.7615952606749214,0.02457945350228817
内阁,从子彪,0.012111223849433734,1,82.5680387409201,7,0.012048751716807927,7.001535039604526,6.7615952606749214,0.02457945350228817
内阁,多称,0.012111223849433734,1,82.5680387409201,7,0.012048751716807927,7.001535039604526,6.7615952606749214,0.02457945350228817
内阁,强珍,0.012111223849433734,1,82.5680387409201,7,0.012048751716807927,7.001535039604526,6.7615952606749214,0.02457945350228817
内阁,部郎,0.012111223849433734,1,82.5680387409201,7,0.012048751716807927,7.001535039604526,6.7615952606749214,0.02457945350228817
内阁,专政,0.012111223849433734,1,82.5680387409201,7,0.012048751716807927,7.001535039604526,6.7615952606749214,0.02457945350228817
内阁,亲裁,0.012111223849433734,1,82.5680387409201,7,0.012048751716807927,7.001535039604526,6.7615952606749214,0.02457945350228817
内阁,立极,0.012111223849433734,1,82.5680387409201,7,0.012048751716807927,7.001535039604526,6.7615952606749214,0.02457945350228817
内阁,祖制,0.1436045113575714,2,13.927139064733511,83,0.009257020093670626,6.876205820708412,7.437757575778927,0.020828295210758907
内阁,之臣,0.1470648610288382,2,13.599441674975076,85,0.009689317966603135,6.786694035130429,7.430144391669052,0.02176895225976916
内阁,相继,0.41524196055201373,3,7.224703389830509,240,0.008627610595615115,6.746292689149404,7.521567419432647,0.019469386742317296
内阁,以中,0.013841398685067124,1,72.24703389830509,8,0.013758150311002271,6.718292663934123,6.756826016527049,0.026918120173700093
内阁,人目,0.013841398685067124,1,72.24703389830509,8,0.013758150311002271,6.718292663934123,6.756826016527049,0.026918120173700093
内阁,纠仪,0.013841398685067124,1,72.24703389830509,8,0.013758150311002271,6.718292663934123,6.756826016527049,0.026918120173700093
内阁,复陈,0.013841398685067124,1,72.24703389830509,8,0.013758150311002271,6.718292663934123,6.756826016527049,0.026918120173700093
内阁,成祖时,0.013841398685067124,1,72.24703389830509,8,0.013758150311002271,6.718292663934123,6.756826016527049,0.026918120173700093
内阁,圣意,0.013841398685067124,1,72.24703389830509,8,0.013758150311002271,6.718292663934123,6.756826016527049,0.026918120173700093
内阁,直纽,0.013841398685067124,1,72.24703389830509,8,0.013758150311002271,6.718292663934123,6.756826016527049,0.026918120173700093
内阁,定数,0.013841398685067124,1,72.24703389830509,8,0.013758150311002271,6.718292663934123,6.756826016527049,0.026918120173700093
内阁,试卷,0.013841398685067124,1,72.24703389830509,8,0.013758150311002271,6.718292663934123,6.756826016527049,0.026918120173700093
内阁,事属,0.013841398685067124,1,72.24703389830509,8,0.013758150311002271,6.718292663934123,6.756826016527049,0.026918120173700093
内阁,四夷馆,0.013841398685067124,1,72.24703389830509,8,0.013758150311002271,6.718292663934123,6.756826016527049,0.026918120173700093
内阁,寺卿,0.013841398685067124,1,72.24703389830509,8,0.013758150311002271,6.718292663934123,6.756826016527049,0.026918120173700093
内阁,政本,0.013841398685067124,1,72.24703389830509,8,0.013758150311002271,6.718292663934123,6.756826016527049,0.026918120173700093
内阁,需次,0.013841398685067124,1,72.24703389830509,8,0.013758150311002271,6.718292663934123,6.756826016527049,0.026918120173700093
内阁,谕意,0.013841398685067124,1,72.24703389830509,8,0.013758150311002271,6.718292663934123,6.756826016527049,0.026918120173700093
内阁,论建,0.013841398685067124,1,72.24703389830509,8,0.013758150311002271,6.718292663934123,6.756826016527049,0.026918120173700093
内阁,耿裕,0.013841398685067124,1,72.24703389830509,8,0.013758150311002271,6.718292663934123,6.756826016527049,0.026918120173700093
内阁,弗善,0.013841398685067124,1,72.24703389830509,8,0.013758150311002271,6.718292663934123,6.756826016527049,0.026918120173700093
内阁,痛心,0.013841398685067124,1,72.24703389830509,8,0.013758150311002271,6.718292663934123,6.756826016527049,0.026918120173700093
内阁,窃权,0.013841398685067124,1,72.24703389830509,8,0.013758150311002271,6.718292663934123,6.756826016527049,0.026918120173700093
内阁,操纵,0.013841398685067124,1,72.24703389830509,8,0.013758150311002271,6.718292663934123,6.756826016527049,0.026918120173700093
内阁,有迹,0.013841398685067124,1,72.24703389830509,8,0.013758150311002271,6.718292663934123,6.756826016527049,0.026918120173700093
内阁,昔年,0.013841398685067124,1,72.24703389830509,8,0.013758150311002271,6.718292663934123,6.756826016527049,0.026918120173700093
内阁,荼毒,0.013841398685067124,1,72.24703389830509,8,0.013758150311002271,6.718292663934123,6.756826016527049,0.026918120173700093
内阁,政权,0.013841398685067124,1,72.24703389830509,8,0.013758150311002271,6.718292663934123,6.756826016527049,0.026918120173700093
内阁,庆臻,0.013841398685067124,1,72.24703389830509,8,0.013758150311002271,6.718292663934123,6.756826016527049,0.026918120173700093
内阁,张缙彦,0.013841398685067124,1,72.24703389830509,8,0.013758150311002271,6.718292663934123,6.756826016527049,0.026918120173700093
内阁,苏京,0.013841398685067124,1,72.24703389830509,8,0.013758150311002271,6.718292663934123,6.756826016527049,0.026918120173700093
内阁,可望,0.15398556037137176,2,12.988230813178443,89,0.010580349154464435,6.614371992694084,7.415037499278844,0.022452058538599978
内阁,言官,0.8062614734051601,4,4.961169709754856,466,0.009131851624839218,6.482489055280621,7.428247356496454,0.02057692634168484
内阁,尽归,0.015571573520700516,1,64.21958568738229,9,0.015464601540642567,6.471089287387716,6.752072486556415,0.029174895631545163
内阁,兴王,0.015571573520700516,1,64.21958568738229,9,0.015464601540642567,6.471089287387716,6.752072486556415,0.029174895631545163
内阁,孰若,0.015571573520700516,1,64.21958568738229,9,0.015464601540642567,6.471089287387716,6.752072486556415,0.029174895631545163
内阁,李国,0.015571573520700516,1,64.21958568738229,9,0.015464601540642567,6.471089287387716,6.752072486556415,0.029174895631545163
内阁,黄士,0.015571573520700516,1,64.21958568738229,9,0.015464601540642567,6.471089287387716,6.752072486556415,0.029174895631545163
内阁,增入,0.015571573520700516,1,64.21958568738229,9,0.015464601540642567,6.471089287387716,6.752072486556415,0.029174895631545163
内阁,正定,0.015571573520700516,1,64.21958568738229,9,0.015464601540642567,6.471089287387716,6.752072486556415,0.029174895631545163
内阁,便殿,0.015571573520700516,1,64.21958568738229,9,0.015464601540642567,6.471089287387716,6.752072486556415,0.029174895631545163
内阁,鸣赞,0.015571573520700516,1,64.21958568738229,9,0.015464601540642567,6.471089287387716,6.752072486556415,0.029174895631545163
内阁,宝座,0.015571573520700516,1,64.21958568738229,9,0.015464601540642567,6.471089287387716,6.752072486556415,0.029174895631545163
内阁,郎官,0.015571573520700516,1,64.21958568738229,9,0.015464601540642567,6.471089287387716,6.752072486556415,0.029174895631545163
内阁,惟是,0.015571573520700516,1,64.21958568738229,9,0.015464601540642567,6.471089287387716,6.752072486556415,0.029174895631545163
内阁,同考,0.015571573520700516,1,64.21958568738229,9,0.015464601540642567,6.471089287387716,6.752072486556415,0.029174895631545163
内阁,权重,0.015571573520700516,1,64.21958568738229,9,0.015464601540642567,6.471089287387716,6.752072486556415,0.029174895631545163
内阁,尽用,0.015571573520700516,1,64.21958568738229,9,0.015464601540642567,6.471089287387716,6.752072486556415,0.029174895631545163
内阁,执持,0.015571573520700516,1,64.21958568738229,9,0.015464601540642567,6.471089287387716,6.752072486556415,0.029174895631545163
内阁,专制,0.015571573520700516,1,64.21958568738229,9,0.015464601540642567,6.471089287387716,6.752072486556415,0.029174895631545163
内阁,内书堂,0.015571573520700516,1,64.21958568738229,9,0.015464601540642567,6.471089287387716,6.752072486556415,0.029174895631545163
内阁,责在,0.015571573520700516,1,64.21958568738229,9,0.015464601540642567,6.471089287387716,6.752072486556415,0.029174895631545163
内阁,安龙,0.015571573520700516,1,64.21958568738229,9,0.015464601540642567,6.471089287387716,6.752072486556415,0.029174895631545163
内阁,谋议,0.015571573520700516,1,64.21958568738229,9,0.015464601540642567,6.471089287387716,6.752072486556415,0.029174895631545163
内阁,观变,0.015571573520700516,1,64.21958568738229,9,0.015464601540642567,6.471089287387716,6.752072486556415,0.029174895631545163
内阁,韦眷,0.015571573520700516,1,64.21958568738229,9,0.015464601540642567,6.471089287387716,6.752072486556415,0.029174895631545163
内阁,时召,0.015571573520700516,1,64.21958568738229,9,0.015464601540642567,6.471089287387716,6.752072486556415,0.029174895631545163
内阁,争执,0.015571573520700516,1,64.21958568738229,9,0.015464601540642567,6.471089287387716,6.752072486556415,0.029174895631545163
内阁,萧敬,0.015571573520700516,1,64.21958568738229,9,0.015464601540642567,6.471089287387716,6.752072486556415,0.029174895631545163
内阁,通国,0.015571573520700516,1,64.21958568738229,9,0.015464601540642567,6.471089287387716,6.752072486556415,0.029174895631545163
内阁,擢户科,0.015571573520700516,1,64.21958568738229,9,0.015464601540642567,6.471089287387716,6.752072486556415,0.029174895631545163
内阁,忠贤益,0.015571573520700516,1,64.21958568738229,9,0.015464601540642567,6.471089287387716,6.752072486556415,0.029174895631545163
内阁,三边,0.16263643454953872,2,12.29736747205193,94,0.011743028591861457,6.410520742785531,7.396373655013808,0.02457945350228817
内阁,殿阁,0.017301748356333906,1,57.79762711864407,10,0.017168109554364364,6.25185933354128,6.747334567549752,0.03160915477518349
内阁,始立,0.017301748356333906,1,57.79762711864407,10,0.017168109554364364,6.25185933354128,6.747334567549752,0.03160915477518349
内阁,参以,0.017301748356333906,1,57.79762711864407,10,0.017168109554364364,6.25185933354128,6.747334567549752,0.03160915477518349
内阁,京卿,0.017301748356333906,1,57.79762711864407,10,0.017168109554364364,6.25185933354128,6.747334567549752,0.03160915477518349
内阁,增益,0.017301748356333906,1,57.79762711864407,10,0.017168109554364364,6.25185933354128,6.747334567549752,0.03160915477518349
内阁,可疑,0.017301748356333906,1,57.79762711864407,10,0.017168109554364364,6.25185933354128,6.747334567549752,0.03160915477518349
内阁,内监,0.017301748356333906,1,57.79762711864407,10,0.017168109554364364,6.25185933354128,6.747334567549752,0.03160915477518349
内阁,拟议,0.017301748356333906,1,57.79762711864407,10,0.017168109554364364,6.25185933354128,6.747334567549752,0.03160915477518349
内阁,讲明,0.017301748356333906,1,57.79762711864407,10,0.017168109554364364,6.25185933354128,6.747334567549752,0.03160915477518349
内阁,争先,0.017301748356333906,1,57.79762711864407,10,0.017168109554364364,6.25185933354128,6.747334567549752,0.03160915477518349
内阁,编纂,0.017301748356333906,1,57.79762711864407,10,0.017168109554364364,6.25185933354128,6.747334567549752,0.03160915477518349
内阁,防护,0.017301748356333906,1,57.79762711864407,10,0.017168109554364364,6.25185933354128,6.747334567549752,0.03160915477518349
内阁,则例,0.017301748356333906,1,57.79762711864407,10,0.017168109554364364,6.25185933354128,6.747334567549752,0.03160915477518349
内阁,扈跸,0.017301748356333906,1,57.79762711864407,10,0.017168109554364364,6.25185933354128,6.747334567549752,0.03160915477518349
内阁,帝再,0.017301748356333906,1,57.79762711864407,10,0.017168109554364364,6.25185933354128,6.747334567549752,0.03160915477518349
内阁,恳辞,0.017301748356333906,1,57.79762711864407,10,0.017168109554364364,6.25185933354128,6.747334567549752,0.03160915477518349
内阁,张元祯,0.017301748356333906,1,57.79762711864407,10,0.017168109554364364,6.25185933354128,6.747334567549752,0.03160915477518349
内阁,泣诉,0.017301748356333906,1,57.79762711864407,10,0.017168109554364364,6.25185933354128,6.747334567549752,0.03160915477518349
内阁,行私,0.017301748356333906,1,57.79762711864407,10,0.017168109554364364,6.25185933354128,6.747334567549752,0.03160915477518349
内阁,余懋学,0.017301748356333906,1,57.79762711864407,10,0.017168109554364364,6.25185933354128,6.747334567549752,0.03160915477518349
内阁,中旨,0.17647783323460584,2,11.33286806247923,102,0.013713924159432025,6.107959528687786,7.367004802857042,0.026918120173700093
内阁,立于,0.17647783323460584,2,11.33286806247923,102,0.013713924159432025,6.107959528687786,7.367004802857042,0.026918120173700093
内阁,疾笃,0.019031923191967295,1,52.54329738058552,11,0.018868680325967533,6.0549764687785,6.742612157307348,0.033725561797582154
内阁,自新,0.019031923191967295,1,52.54329738058552,11,0.018868680325967533,6.0549764687785,6.742612157307348,0.033725561797582154
内阁,固争,0.019031923191967295,1,52.54329738058552,11,0.018868680325967533,6.0549764687785,6.742612157307348,0.033725561797582154
内阁,治罪,0.019031923191967295,1,52.54329738058552,11,0.018868680325967533,6.0549764687785,6.742612157307348,0.033725561797582154
内阁,接见,0.019031923191967295,1,52.54329738058552,11,0.018868680325967533,6.0549764687785,6.742612157307348,0.033725561797582154
内阁,下镇,0.019031923191967295,1,52.54329738058552,11,0.018868680325967533,6.0549764687785,6.742612157307348,0.033725561797582154
内阁,房舍,0.019031923191967295,1,52.54329738058552,11,0.018868680325967533,6.0549764687785,6.742612157307348,0.033725561797582154
内阁,金台,0.019031923191967295,1,52.54329738058552,11,0.018868680325967533,6.0549764687785,6.742612157307348,0.033725561797582154
内阁,公侯伯,0.019031923191967295,1,52.54329738058552,11,0.018868680325967533,6.0549764687785,6.742612157307348,0.033725561797582154
内阁,汪俊,0.019031923191967295,1,52.54329738058552,11,0.018868680325967533,6.0549764687785,6.742612157307348,0.033725561797582154
内阁,国祚,0.019031923191967295,1,52.54329738058552,11,0.018868680325967533,6.0549764687785,6.742612157307348,0.033725561797582154
内阁,御批,0.019031923191967295,1,52.54329738058552,11,0.018868680325967533,6.0549764687785,6.742612157307348,0.033725561797582154
内阁,李敏,0.019031923191967295,1,52.54329738058552,11,0.018868680325967533,6.0549764687785,6.742612157307348,0.033725561797582154
内阁,比来,0.019031923191967295,1,52.54329738058552,11,0.018868680325967533,6.0549764687785,6.742612157307348,0.033725561797582154
内阁,论奏,0.019031923191967295,1,52.54329738058552,11,0.018868680325967533,6.0549764687785,6.742612157307348,0.033725561797582154
内阁,曲为,0.019031923191967295,1,52.54329738058552,11,0.018868680325967533,6.0549764687785,6.742612157307348,0.033725561797582154
内阁,谪居,0.019031923191967295,1,52.54329738058552,11,0.018868680325967533,6.0549764687785,6.742612157307348,0.033725561797582154
内阁,怀恩,0.019031923191967295,1,52.54329738058552,11,0.018868680325967533,6.0549764687785,6.742612157307348,0.033725561797582154
内阁,往征,0.019031923191967295,1,52.54329738058552,11,0.018868680325967533,6.0549764687785,6.742612157307348,0.033725561797582154
内阁,阴结,0.019031923191967295,1,52.54329738058552,11,0.018868680325967533,6.0549764687785,6.742612157307348,0.033725561797582154
内阁,谋于,0.019031923191967295,1,52.54329738058552,11,0.018868680325967533,6.0549764687785,6.742612157307348,0.033725561797582154
内阁,倚任,0.019031923191967295,1,52.54329738058552,11,0.018868680325967533,6.0549764687785,6.742612157307348,0.033725561797582154
内阁,拜命,0.019031923191967295,1,52.54329738058552,11,0.018868680325967533,6.0549764687785,6.742612157307348,0.033725561797582154
内阁,先皇,0.019031923191967295,1,52.54329738058552,11,0.018868680325967533,6.0549764687785,6.742612157307348,0.033725561797582154
内阁,同入,0.02076209802760069,1,48.16468926553672,12,0.0205663189020888,5.876358846489868,6.7379051546298205,0.035920625479675644
内阁,天寿,0.02076209802760069,1,48.16468926553672,12,0.0205663189020888,5.876358846489868,6.7379051546298205,0.035920625479675644
内阁,徐溥,0.02076209802760069,1,48.16468926553672,12,0.0205663189020888,5.876358846489868,6.7379051546298205,0.035920625479675644
内阁,中出,0.02076209802760069,1,48.16468926553672,12,0.0205663189020888,5.876358846489868,6.7379051546298205,0.035920625479675644
内阁,自来,0.02076209802760069,1,48.16468926553672,12,0.0205663189020888,5.876358846489868,6.7379051546298205,0.035920625479675644
内阁,二十八日,0.02076209802760069,1,48.16468926553672,12,0.0205663189020888,5.876358846489868,6.7379051546298205,0.035920625479675644
内阁,兴亡,0.02076209802760069,1,48.16468926553672,12,0.0205663189020888,5.876358846489868,6.7379051546298205,0.035920625479675644
内阁,部分,0.02076209802760069,1,48.16468926553672,12,0.0205663189020888,5.876358846489868,6.7379051546298205,0.035920625479675644
内阁,集礼,0.02076209802760069,1,48.16468926553672,12,0.0205663189020888,5.876358846489868,6.7379051546298205,0.035920625479675644
内阁,相比,0.02076209802760069,1,48.16468926553672,12,0.0205663189020888,5.876358846489868,6.7379051546298205,0.035920625479675644
内阁,狱成,0.02076209802760069,1,48.16468926553672,12,0.0205663189020888,5.876358846489868,6.7379051546298205,0.035920625479675644
内阁,纪功,0.02076209802760069,1,48.16468926553672,12,0.0205663189020888,5.876358846489868,6.7379051546298205,0.035920625479675644
内阁,宜置,0.02076209802760069,1,48.16468926553672,12,0.0205663189020888,5.876358846489868,6.7379051546298205,0.035920625479675644
内阁,李秉,0.02076209802760069,1,48.16468926553672,12,0.0205663189020888,5.876358846489868,6.7379051546298205,0.035920625479675644
内阁,多警,0.02076209802760069,1,48.16468926553672,12,0.0205663189020888,5.876358846489868,6.7379051546298205,0.035920625479675644
内阁,无耻,0.02076209802760069,1,48.16468926553672,12,0.0205663189020888,5.876358846489868,6.7379051546298205,0.035920625479675644
内阁,十年,1.368568294986012,5,3.6534530416336324,791,0.01273807399472397,5.755765599459083,7.237119707083001,0.025951069523205958
内阁,四部,0.02249227286323408,1,44.45971316818774,13,0.022261029637781583,5.71295059033563,6.733213459305099,0.03775983962949647
内阁,太孙,0.02249227286323408,1,44.45971316818774,13,0.022261029637781583,5.71295059033563,6.733213459305099,0.03775983962949647
内阁,朱国祚,0.02249227286323408,1,44.45971316818774,13,0.022261029637781583,5.71295059033563,6.733213459305099,0.03775983962949647
内阁,贺逢圣,0.02249227286323408,1,44.45971316818774,13,0.022261029637781583,5.71295059033563,6.733213459305099,0.03775983962949647
内阁,即为,0.02249227286323408,1,44.45971316818774,13,0.022261029637781583,5.71295059033563,6.733213459305099,0.03775983962949647
内阁,进呈,0.02249227286323408,1,44.45971316818774,13,0.022261029637781583,5.71295059033563,6.733213459305099,0.03775983962949647
内阁,宫保,0.02249227286323408,1,44.45971316818774,13,0.022261029637781583,5.71295059033563,6.733213459305099,0.03775983962949647
内阁,事由,0.02249227286323408,1,44.45971316818774,13,0.022261029637781583,5.71295059033563,6.733213459305099,0.03775983962949647
内阁,其文,0.02249227286323408,1,44.45971316818774,13,0.022261029637781583,5.71295059033563,6.733213459305099,0.03775983962949647
内阁,举贡,0.02249227286323408,1,44.45971316818774,13,0.022261029637781583,5.71295059033563,6.733213459305099,0.03775983962949647
内阁,宜悉,0.02249227286323408,1,44.45971316818774,13,0.022261029637781583,5.71295059033563,6.733213459305099,0.03775983962949647
内阁,权要,0.02249227286323408,1,44.45971316818774,13,0.022261029637781583,5.71295059033563,6.733213459305099,0.03775983962949647
内阁,近臣,0.02249227286323408,1,44.45971316818774,13,0.022261029637781583,5.71295059033563,6.733213459305099,0.03775983962949647
内阁,臣愚,0.02249227286323408,1,44.45971316818774,13,0.022261029637781583,5.71295059033563,6.733213459305099,0.03775983962949647
内阁,不休,0.02249227286323408,1,44.45971316818774,13,0.022261029637781583,5.71295059033563,6.733213459305099,0.03775983962949647
内阁,乞如,0.02249227286323408,1,44.45971316818774,13,0.022261029637781583,5.71295059033563,6.733213459305099,0.03775983962949647
内阁,切谏,0.02249227286323408,1,44.45971316818774,13,0.022261029637781583,5.71295059033563,6.733213459305099,0.03775983962949647
内阁,晏然,0.02249227286323408,1,44.45971316818774,13,0.022261029637781583,5.71295059033563,6.733213459305099,0.03775983962949647
内阁,乃取,0.02249227286323408,1,44.45971316818774,13,0.022261029637781583,5.71295059033563,6.733213459305099,0.03775983962949647
内阁,进官,0.02249227286323408,1,44.45971316818774,13,0.022261029637781583,5.71295059033563,6.733213459305099,0.03775983962949647
内阁,调旨,0.02249227286323408,1,44.45971316818774,13,0.022261029637781583,5.71295059033563,6.733213459305099,0.03775983962949647
内阁,可立,0.02249227286323408,1,44.45971316818774,13,0.022261029637781583,5.71295059033563,6.733213459305099,0.03775983962949647
内阁,丁元荐,0.02249227286323408,1,44.45971316818774,13,0.022261029637781583,5.71295059033563,6.733213459305099,0.03775983962949647
内阁,尊素,0.02249227286323408,1,44.45971316818774,13,0.022261029637781583,5.71295059033563,6.733213459305099,0.03775983962949647
内阁,于是,1.3876002181779792,5,3.60334333657382,802,0.01344657142411242,5.654850357891631,7.222580284484169,0.026918120173700093
内阁,中者,0.02422244769886747,1,41.28401937046005,14,0.02395281802046958,5.56240422406856,6.728536972095625,0.039491176262196614
内阁,所载,0.02422244769886747,1,41.28401937046005,14,0.02395281802046958,5.56240422406856,6.728536972095625,0.039491176262196614
内阁,草诏,0.02422244769886747,1,41.28401937046005,14,0.02395281802046958,5.56240422406856,6.728536972095625,0.039491176262196614
内阁,高谷,0.02422244769886747,1,41.28401937046005,14,0.02395281802046958,5.56240422406856,6.728536972095625,0.039491176262196614
内阁,假托,0.02422244769886747,1,41.28401937046005,14,0.02395281802046958,5.56240422406856,6.728536972095625,0.039491176262196614
内阁,员外,0.02422244769886747,1,41.28401937046005,14,0.02395281802046958,5.56240422406856,6.728536972095625,0.039491176262196614
内阁,入井,0.02422244769886747,1,41.28401937046005,14,0.02395281802046958,5.56240422406856,6.728536972095625,0.039491176262196614
内阁,复行,0.02422244769886747,1,41.28401937046005,14,0.02395281802046958,5.56240422406856,6.728536972095625,0.039491176262196614
内阁,以非,0.02422244769886747,1,41.28401937046005,14,0.02395281802046958,5.56240422406856,6.728536972095625,0.039491176262196614
内阁,太重,0.02422244769886747,1,41.28401937046005,14,0.02395281802046958,5.56240422406856,6.728536972095625,0.039491176262196614
内阁,帝出,0.02422244769886747,1,41.28401937046005,14,0.02395281802046958,5.56240422406856,6.728536972095625,0.039491176262196614
内阁,纠之,0.02422244769886747,1,41.28401937046005,14,0.02395281802046958,5.56240422406856,6.728536972095625,0.039491176262196614
内阁,犹以,0.02422244769886747,1,41.28401937046005,14,0.02395281802046958,5.56240422406856,6.728536972095625,0.039491176262196614
内阁,简用,0.02422244769886747,1,41.28401937046005,14,0.02395281802046958,5.56240422406856,6.728536972095625,0.039491176262196614
内阁,抵京,0.02422244769886747,1,41.28401937046005,14,0.02395281802046958,5.56240422406856,6.728536972095625,0.039491176262196614
内阁,奸弊,0.02422244769886747,1,41.28401937046005,14,0.02395281802046958,5.56240422406856,6.728536972095625,0.039491176262196614
内阁,所夺,0.02422244769886747,1,41.28401937046005,14,0.02395281802046958,5.56240422406856,6.728536972095625,0.039491176262196614
内阁,一百卷,0.02422244769886747,1,41.28401937046005,14,0.02395281802046958,5.56240422406856,6.728536972095625,0.039491176262196614
内阁,力谏,0.02422244769886747,1,41.28401937046005,14,0.02395281802046958,5.56240422406856,6.728536972095625,0.039491176262196614
内阁,乔宇,0.02422244769886747,1,41.28401937046005,14,0.02395281802046958,5.56240422406856,6.728536972095625,0.039491176262196614
内阁,帝不允,0.02422244769886747,1,41.28401937046005,14,0.02395281802046958,5.56240422406856,6.728536972095625,0.039491176262196614
内阁,以本官,0.02422244769886747,1,41.28401937046005,14,0.02395281802046958,5.56240422406856,6.728536972095625,0.039491176262196614
内阁,捣巢,0.02422244769886747,1,41.28401937046005,14,0.02395281802046958,5.56240422406856,6.728536972095625,0.039491176262196614
内阁,青词,0.02422244769886747,1,41.28401937046005,14,0.02395281802046958,5.56240422406856,6.728536972095625,0.039491176262196614
内阁,体仁,0.20589080544037347,2,9.713886910696482,119,0.018337277321196926,5.5442009626146245,7.306513042500675,0.03372119507383569
内阁,边臣,0.20935115511164026,2,9.553326796470094,121,0.018918789406067397,5.483855448298403,7.299560281858908,0.03373630278704326
内阁,不肯,0.20935115511164026,2,9.553326796470094,121,0.018918789406067397,5.483855448298403,7.299560281858908,0.03373630278704326
内阁,疏于,0.02595262253450086,1,38.53175141242938,15,0.025641688391505057,5.422877245691868,6.7238755947257625,0.04173593961596036
内阁,曹鼐,0.02595262253450086,1,38.53175141242938,15,0.025641688391505057,5.422877245691868,6.7238755947257625,0.04173593961596036
内阁,何孟春,0.02595262253450086,1,38.53175141242938,15,0.025641688391505057,5.422877245691868,6.7238755947257625,0.04173593961596036
内阁,张四维,0.02595262253450086,1,38.53175141242938,15,0.025641688391505057,5.422877245691868,6.7238755947257625,0.04173593961596036
内阁,一章,0.02595262253450086,1,38.53175141242938,15,0.025641688391505057,5.422877245691868,6.7238755947257625,0.04173593961596036
内阁,各率,0.02595262253450086,1,38.53175141242938,15,0.025641688391505057,5.422877245691868,6.7238755947257625,0.04173593961596036
内阁,初政,0.02595262253450086,1,38.53175141242938,15,0.025641688391505057,5.422877245691868,6.7238755947257625,0.04173593961596036
内阁,继以,0.02595262253450086,1,38.53175141242938,15,0.025641688391505057,5.422877245691868,6.7238755947257625,0.04173593961596036
内阁,意在,0.02595262253450086,1,38.53175141242938,15,0.025641688391505057,5.422877245691868,6.7238755947257625,0.04173593961596036
内阁,宣示,0.02595262253450086,1,38.53175141242938,15,0.025641688391505057,5.422877245691868,6.7238755947257625,0.04173593961596036
内阁,东厂,0.21454167961854043,2,9.322197922361946,124,0.019805477801044045,5.395409731338307,7.289193566300648,0.035276345792313604
内阁,五日,0.21627185445417382,2,9.247620338983051,125,0.0201048557345564,5.366462544366994,7.285754482333878,0.03576794101612941
内阁,庶务,0.027682797370134248,1,36.123516949152545,16,0.027327647353031007,5.292896881296616,6.719229229869398,0.04364436372665703
内阁,复论,0.027682797370134248,1,36.123516949152545,16,0.027327647353031007,5.292896881296616,6.719229229869398,0.04364436372665703
内阁,通达,0.027682797370134248,1,36.123516949152545,16,0.027327647353031007,5.292896881296616,6.719229229869398,0.04364436372665703
内阁,朝仪,0.027682797370134248,1,36.123516949152545,16,0.027327647353031007,5.292896881296616,6.719229229869398,0.04364436372665703
内阁,翟銮,0.027682797370134248,1,36.123516949152545,16,0.027327647353031007,5.292896881296616,6.719229229869398,0.04364436372665703
内阁,圣节,0.027682797370134248,1,36.123516949152545,16,0.027327647353031007,5.292896881296616,6.719229229869398,0.04364436372665703
内阁,余子俊,0.027682797370134248,1,36.123516949152545,16,0.027327647353031007,5.292896881296616,6.719229229869398,0.04364436372665703
内阁,凡有,0.027682797370134248,1,36.123516949152545,16,0.027327647353031007,5.292896881296616,6.719229229869398,0.04364436372665703
内阁,谢铎,0.027682797370134248,1,36.123516949152545,16,0.027327647353031007,5.292896881296616,6.719229229869398,0.04364436372665703
内阁,加官,0.027682797370134248,1,36.123516949152545,16,0.027327647353031007,5.292896881296616,6.719229229869398,0.04364436372665703
内阁,始置,0.027682797370134248,1,36.123516949152545,16,0.027327647353031007,5.292896881296616,6.719229229869398,0.04364436372665703
内阁,重地,0.027682797370134248,1,36.123516949152545,16,0.027327647353031007,5.292896881296616,6.719229229869398,0.04364436372665703
内阁,上意,0.027682797370134248,1,36.123516949152545,16,0.027327647353031007,5.292896881296616,6.719229229869398,0.04364436372665703
内阁,十六卷,0.027682797370134248,1,36.123516949152545,16,0.027327647353031007,5.292896881296616,6.719229229869398,0.04364436372665703
内阁,能文,0.027682797370134248,1,36.123516949152545,16,0.027327647353031007,5.292896881296616,6.719229229869398,0.04364436372665703
内阁,主谋,0.027682797370134248,1,36.123516949152545,16,0.027327647353031007,5.292896881296616,6.719229229869398,0.04364436372665703
内阁,今者,0.027682797370134248,1,36.123516949152545,16,0.027327647353031007,5.292896881296616,6.719229229869398,0.04364436372665703
内阁,进用,0.027682797370134248,1,36.123516949152545,16,0.027327647353031007,5.292896881296616,6.719229229869398,0.04364436372665703
内阁,检讨,0.22665290346797418,2,8.824065208953293,131,0.021940669060436062,5.198101690758443,7.265290379774162,0.03775983962949647
内阁,佞幸,0.02941297220576764,1,33.998604187437685,17,0.02901069877470686,5.171267304326571,6.714597781137751,0.04561805665498612
内阁,之训,0.02941297220576764,1,33.998604187437685,17,0.02901069877470686,5.171267304326571,6.714597781137751,0.04561805665498612
内阁,张彩,0.02941297220576764,1,33.998604187437685,17,0.02901069877470686,5.171267304326571,6.714597781137751,0.04561805665498612
内阁,进者,0.02941297220576764,1,33.998604187437685,17,0.02901069877470686,5.171267304326571,6.714597781137751,0.04561805665498612
内阁,言论,0.02941297220576764,1,33.998604187437685,17,0.02901069877470686,5.171267304326571,6.714597781137751,0.04561805665498612
内阁,乃有,0.02941297220576764,1,33.998604187437685,17,0.02901069877470686,5.171267304326571,6.714597781137751,0.04561805665498612
内阁,明制,0.02941297220576764,1,33.998604187437685,17,0.02901069877470686,5.171267304326571,6.714597781137751,0.04561805665498612
内阁,衍义,0.02941297220576764,1,33.998604187437685,17,0.02901069877470686,5.171267304326571,6.714597781137751,0.04561805665498612
内阁,专用,0.02941297220576764,1,33.998604187437685,17,0.02901069877470686,5.171267304326571,6.714597781137751,0.04561805665498612
内阁,其旧,0.02941297220576764,1,33.998604187437685,17,0.02901069877470686,5.171267304326571,6.714597781137751,0.04561805665498612
内阁,兼管,0.02941297220576764,1,33.998604187437685,17,0.02901069877470686,5.171267304326571,6.714597781137751,0.04561805665498612
内阁,力排,0.02941297220576764,1,33.998604187437685,17,0.02901069877470686,5.171267304326571,6.714597781137751,0.04561805665498612
内阁,而臣,0.02941297220576764,1,33.998604187437685,17,0.02901069877470686,5.171267304326571,6.714597781137751,0.04561805665498612
内阁,称病,0.02941297220576764,1,33.998604187437685,17,0.02901069877470686,5.171267304326571,6.714597781137751,0.04561805665498612
内阁,时政,0.23011325313924094,2,8.69137249904422,133,0.022567494962705294,5.143915642937358,7.258533013598853,0.03823728382385282
内阁,监国,0.23357360281050774,2,8.562611424984306,135,0.02320166705734258,5.090648107831277,7.2518071504105395,0.03926830818333424
内阁,金幼孜,0.03114314704140103,1,32.109792843691146,18,0.03069084765388699,5.057004255166113,6.709981153067382,0.04776907111947822
内阁,白莲,0.03114314704140103,1,32.109792843691146,18,0.03069084765388699,5.057004255166113,6.709981153067382,0.04776907111947822
内阁,参用,0.03114314704140103,1,32.109792843691146,18,0.03069084765388699,5.057004255166113,6.709981153067382,0.04776907111947822
内阁,多以,0.03114314704140103,1,32.109792843691146,18,0.03069084765388699,5.057004255166113,6.709981153067382,0.04776907111947822
内阁,拱手,0.03114314704140103,1,32.109792843691146,18,0.03069084765388699,5.057004255166113,6.709981153067382,0.04776907111947822
内阁,宜如,0.03114314704140103,1,32.109792843691146,18,0.03069084765388699,5.057004255166113,6.709981153067382,0.04776907111947822
内阁,朝端,0.03114314704140103,1,32.109792843691146,18,0.03069084765388699,5.057004255166113,6.709981153067382,0.04776907111947822
内阁,成章,0.03114314704140103,1,32.109792843691146,18,0.03069084765388699,5.057004255166113,6.709981153067382,0.04776907111947822
内阁,休去,0.03114314704140103,1,32.109792843691146,18,0.03069084765388699,5.057004255166113,6.709981153067382,0.04776907111947822
内阁,通政,0.2387641273174079,2,8.376467698354213,138,0.024166573393927842,5.0124098096175,7.2417767852732755,0.03980070752713628
内阁,国号,0.03287332187703442,1,30.41980374665477,19,0.03236809875407072,4.949287888696871,6.705379251108373,0.049473717376351846
内阁,俱以,0.03287332187703442,1,30.41980374665477,19,0.03236809875407072,4.949287888696871,6.705379251108373,0.049473717376351846
内阁,职业,0.03287332187703442,1,30.41980374665477,19,0.03236809875407072,4.949287888696871,6.705379251108373,0.049473717376351846
内阁,林俊,0.03287332187703442,1,30.41980374665477,19,0.03236809875407072,4.949287888696871,6.705379251108373,0.049473717376351846
内阁,在籍,0.03287332187703442,1,30.41980374665477,19,0.03236809875407072,4.949287888696871,6.705379251108373,0.049473717376351846
内阁,等同,0.03287332187703442,1,30.41980374665477,19,0.03236809875407072,4.949287888696871,6.705379251108373,0.049473717376351846
内阁,决于,0.03287332187703442,1,30.41980374665477,19,0.03236809875407072,4.949287888696871,6.705379251108373,0.049473717376351846
内阁,东阁,0.03287332187703442,1,30.41980374665477,19,0.03236809875407072,4.949287888696871,6.705379251108373,0.049473717376351846
内阁,创业,0.03287332187703442,1,30.41980374665477,19,0.03236809875407072,4.949287888696871,6.705379251108373,0.049473717376351846
内阁,本官,0.03287332187703442,1,30.41980374665477,19,0.03236809875407072,4.949287888696871,6.705379251108373,0.049473717376351846
内阁,成祖初,0.03287332187703442,1,30.41980374665477,19,0.03236809875407072,4.949287888696871,6.705379251108373,0.049473717376351846
内阁,会审,0.03287332187703442,1,30.41980374665477,19,0.03236809875407072,4.949287888696871,6.705379251108373,0.049473717376351846
内阁,掌部事,0.03287332187703442,1,30.41980374665477,19,0.03236809875407072,4.949287888696871,6.705379251108373,0.049473717376351846
内阁,逡巡,0.03287332187703442,1,30.41980374665477,19,0.03236809875407072,4.949287888696871,6.705379251108373,0.049473717376351846
内阁,流言,0.03287332187703442,1,30.41980374665477,19,0.03236809875407072,4.949287888696871,6.705379251108373,0.049473717376351846
内阁,即位,1.0346445517087677,4,3.866062014625021,598,0.02084921783066075,4.932000739262434,7.197483634878777,0.03637320784596459
内阁,旧制,0.261256400180642,2,7.655314850151532,151,0.028532635461132817,4.694542408948983,7.199100100079695,0.04552130579304819
内阁,四人,0.26471674985190874,2,7.5552453749861535,153,0.029230357051748847,4.64844656339317,7.192645077942395,0.04591626929073484
内阁,大臣,1.6280945203310206,5,3.0710747671968153,941,0.024770472065562852,4.527554896969535,7.050465066982988,0.04075142178528082
内阁,乃命,0.2750977988657091,2,7.270141775930071,159,0.03136398985366606,4.514244358475375,7.173451512709085,0.04871766951889246
内阁,考察,0.2768279737013425,2,7.224703389830509,160,0.03172542533204931,4.492450416594433,7.170277264913941,0.04922910827386962
内阁,工部,0.6782285355682891,3,4.423287789692148,392,0.031235544034002388,4.309954900163713,7.160796211903056,0.04856746176018664
